 
[
{"Id":"5","nombre":"Antioquia","pais":"COLOMBIA"},
{"Id":"8","nombre":"Atlántico","pais":"COLOMBIA"},
{"Id":"11","nombre":"Bogotá D.C.","pais":"COLOMBIA"},
{"Id":"13","nombre":"Bolívar","pais":"COLOMBIA"},
{"Id":"15","nombre":"Boyacá","pais":"COLOMBIA"},
{"Id":"17","nombre":"Caldas","pais":"COLOMBIA"},
{"Id":"18","nombre":"Caquetá","pais":"COLOMBIA"},
{"Id":"19","nombre":"Cauca","pais":"COLOMBIA"},
{"Id":"20","nombre":"Cesar","pais":"COLOMBIA"},
{"Id":"23","nombre":"Córdoba","pais":"COLOMBIA"},
{"Id":"25","nombre":"Cundinamarca","pais":"COLOMBIA"},
{"Id":"27","nombre":"Chocó","pais":"COLOMBIA"},
{"Id":"41","nombre":"Huila","pais":"COLOMBIA"},
{"Id":"44","nombre":"La Guajira","pais":"COLOMBIA"},
{"Id":"47","nombre":"Magdalena","pais":"COLOMBIA"},
{"Id":"50","nombre":"Meta","pais":"COLOMBIA"},
{"Id":"52","nombre":"Nariño","pais":"COLOMBIA"},
{"Id":"54","nombre":"Norte de Santander","pais":"COLOMBIA"},
{"Id":"63","nombre":"Quindío","pais":"COLOMBIA"},
{"Id":"66","nombre":"Risaralda","pais":"COLOMBIA"},
{"Id":"68","nombre":"Santander","pais":"COLOMBIA"},
{"Id":"70","nombre":"Sucre","pais":"COLOMBIA"},
{"Id":"73","nombre":"Tolima","pais":"COLOMBIA"},
{"Id":"76","nombre":"Valle del Cauca","pais":"COLOMBIA"},
{"Id":"81","nombre":"Arauca","pais":"COLOMBIA"},
{"Id":"85","nombre":"Casanare","pais":"COLOMBIA"},
{"Id":"86","nombre":"Putumayo","pais":"COLOMBIA"},
{"Id":"88","nombre":"Archipiélago de San Andrés, Providencia y Santa Catalina","pais":"COLOMBIA"},
{"Id":"91","nombre":"Amazonas","pais":"COLOMBIA"},
{"Id":"94","nombre":"Guainía","pais":"COLOMBIA"},
{"Id":"95","nombre":"Guaviare","pais":"COLOMBIA"},
{"Id":"97","nombre":"Vaupés","pais":"COLOMBIA"},
{"Id":"99","nombre":"Vichada","pais":"COLOMBIA"}
] 
