[
{"cod_dptop":"5","cod_mnpo":"1","nombre_mnpo":"MEDELLIN"},
{"cod_dptop":"5","cod_mnpo":"2","nombre_mnpo":"ABEJORRAL"},
{"cod_dptop":"5","cod_mnpo":"4","nombre_mnpo":"ABRIAQUI"},
{"cod_dptop":"5","cod_mnpo":"21","nombre_mnpo":"ALEJANDRIA"},
{"cod_dptop":"5","cod_mnpo":"30","nombre_mnpo":"AMAGA"},
{"cod_dptop":"5","cod_mnpo":"31","nombre_mnpo":"AMALFI"},
{"cod_dptop":"5","cod_mnpo":"34","nombre_mnpo":"ANDES"},
{"cod_dptop":"5","cod_mnpo":"36","nombre_mnpo":"ANGELOPOLIS"},
{"cod_dptop":"5","cod_mnpo":"38","nombre_mnpo":"ANGOSTURA"},
{"cod_dptop":"5","cod_mnpo":"40","nombre_mnpo":"ANORI"},
{"cod_dptop":"5","cod_mnpo":"42","nombre_mnpo":"SANTAFE DE ANTIOQUIA"},
{"cod_dptop":"5","cod_mnpo":"44","nombre_mnpo":"ANZA"},
{"cod_dptop":"5","cod_mnpo":"45","nombre_mnpo":"APARTADO"},
{"cod_dptop":"5","cod_mnpo":"51","nombre_mnpo":"ARBOLETES"},
{"cod_dptop":"5","cod_mnpo":"55","nombre_mnpo":"ARGELIA"},
{"cod_dptop":"5","cod_mnpo":"59","nombre_mnpo":"ARMENIA"},
{"cod_dptop":"5","cod_mnpo":"79","nombre_mnpo":"BARBOSA"},
{"cod_dptop":"5","cod_mnpo":"86","nombre_mnpo":"BELMIRA"},
{"cod_dptop":"5","cod_mnpo":"88","nombre_mnpo":"BELLO"},
{"cod_dptop":"5","cod_mnpo":"91","nombre_mnpo":"BETANIA"},
{"cod_dptop":"5","cod_mnpo":"93","nombre_mnpo":"BETULIA"},
{"cod_dptop":"5","cod_mnpo":"101","nombre_mnpo":"CIUDAD BOLIVAR"},
{"cod_dptop":"5","cod_mnpo":"107","nombre_mnpo":"BRICEÑO"},
{"cod_dptop":"5","cod_mnpo":"113","nombre_mnpo":"BURITICA"},
{"cod_dptop":"5","cod_mnpo":"120","nombre_mnpo":"CACERES"},
{"cod_dptop":"5","cod_mnpo":"125","nombre_mnpo":"CAICEDO"},
{"cod_dptop":"5","cod_mnpo":"129","nombre_mnpo":"CALDAS"},
{"cod_dptop":"5","cod_mnpo":"134","nombre_mnpo":"CAMPAMENTO"},
{"cod_dptop":"5","cod_mnpo":"138","nombre_mnpo":"CAÑASGORDAS"},
{"cod_dptop":"5","cod_mnpo":"142","nombre_mnpo":"CARACOLI"},
{"cod_dptop":"5","cod_mnpo":"145","nombre_mnpo":"CARAMANTA"},
{"cod_dptop":"5","cod_mnpo":"147","nombre_mnpo":"CAREPA"},
{"cod_dptop":"5","cod_mnpo":"148","nombre_mnpo":"EL CARMEN DE VIBORAL"},
{"cod_dptop":"5","cod_mnpo":"150","nombre_mnpo":"CAROLINA"},
{"cod_dptop":"5","cod_mnpo":"154","nombre_mnpo":"CAUCASIA"},
{"cod_dptop":"5","cod_mnpo":"172","nombre_mnpo":"CHIGORODO"},
{"cod_dptop":"5","cod_mnpo":"190","nombre_mnpo":"CISNEROS"},
{"cod_dptop":"5","cod_mnpo":"197","nombre_mnpo":"COCORNA"},
{"cod_dptop":"5","cod_mnpo":"206","nombre_mnpo":"CONCEPCION"},
{"cod_dptop":"5","cod_mnpo":"209","nombre_mnpo":"CONCORDIA"},
{"cod_dptop":"5","cod_mnpo":"212","nombre_mnpo":"COPACABANA"},
{"cod_dptop":"5","cod_mnpo":"234","nombre_mnpo":"DABEIBA"},
{"cod_dptop":"5","cod_mnpo":"237","nombre_mnpo":"DON MATIAS"},
{"cod_dptop":"5","cod_mnpo":"240","nombre_mnpo":"EBEJICO"},
{"cod_dptop":"5","cod_mnpo":"250","nombre_mnpo":"EL BAGRE"},
{"cod_dptop":"5","cod_mnpo":"264","nombre_mnpo":"ENTRERRIOS"},
{"cod_dptop":"5","cod_mnpo":"266","nombre_mnpo":"ENVIGADO"},
{"cod_dptop":"5","cod_mnpo":"282","nombre_mnpo":"FREDONIA"},
{"cod_dptop":"5","cod_mnpo":"284","nombre_mnpo":"FRONTINO"},
{"cod_dptop":"5","cod_mnpo":"306","nombre_mnpo":"GIRALDO"},
{"cod_dptop":"5","cod_mnpo":"308","nombre_mnpo":"GIRARDOTA"},
{"cod_dptop":"5","cod_mnpo":"310","nombre_mnpo":"GOMEZ PLATA"},
{"cod_dptop":"5","cod_mnpo":"313","nombre_mnpo":"GRANADA"},
{"cod_dptop":"5","cod_mnpo":"315","nombre_mnpo":"GUADALUPE"},
{"cod_dptop":"5","cod_mnpo":"318","nombre_mnpo":"GUARNE"},
{"cod_dptop":"5","cod_mnpo":"321","nombre_mnpo":"GUATAPE"},
{"cod_dptop":"5","cod_mnpo":"347","nombre_mnpo":"HELICONIA"},
{"cod_dptop":"5","cod_mnpo":"353","nombre_mnpo":"HISPANIA"},
{"cod_dptop":"5","cod_mnpo":"360","nombre_mnpo":"ITAGUI"},
{"cod_dptop":"5","cod_mnpo":"361","nombre_mnpo":"ITUANGO"},
{"cod_dptop":"5","cod_mnpo":"364","nombre_mnpo":"JARDIN"},
{"cod_dptop":"5","cod_mnpo":"368","nombre_mnpo":"JERICO"},
{"cod_dptop":"5","cod_mnpo":"376","nombre_mnpo":"LA CEJA"},
{"cod_dptop":"5","cod_mnpo":"380","nombre_mnpo":"LA ESTRELLA"},
{"cod_dptop":"5","cod_mnpo":"390","nombre_mnpo":"LA PINTADA"},
{"cod_dptop":"5","cod_mnpo":"400","nombre_mnpo":"LA UNION"},
{"cod_dptop":"5","cod_mnpo":"411","nombre_mnpo":"LIBORINA"},
{"cod_dptop":"5","cod_mnpo":"425","nombre_mnpo":"MACEO"},
{"cod_dptop":"5","cod_mnpo":"440","nombre_mnpo":"MARINILLA"},
{"cod_dptop":"5","cod_mnpo":"467","nombre_mnpo":"MONTEBELLO"},
{"cod_dptop":"5","cod_mnpo":"475","nombre_mnpo":"MURINDO"},
{"cod_dptop":"5","cod_mnpo":"480","nombre_mnpo":"MUTATA"},
{"cod_dptop":"5","cod_mnpo":"483","nombre_mnpo":"NARIÑO"},
{"cod_dptop":"5","cod_mnpo":"490","nombre_mnpo":"NECOCLI"},
{"cod_dptop":"5","cod_mnpo":"495","nombre_mnpo":"NECHI"},
{"cod_dptop":"5","cod_mnpo":"501","nombre_mnpo":"OLAYA"},
{"cod_dptop":"5","cod_mnpo":"541","nombre_mnpo":"PEÐOL"},
{"cod_dptop":"5","cod_mnpo":"543","nombre_mnpo":"PEQUE"},
{"cod_dptop":"5","cod_mnpo":"576","nombre_mnpo":"PUEBLORRICO"},
{"cod_dptop":"5","cod_mnpo":"579","nombre_mnpo":"PUERTO BERRIO"},
{"cod_dptop":"5","cod_mnpo":"585","nombre_mnpo":"PUERTO NARE"},
{"cod_dptop":"5","cod_mnpo":"591","nombre_mnpo":"PUERTO TRIUNFO"},
{"cod_dptop":"5","cod_mnpo":"604","nombre_mnpo":"REMEDIOS"},
{"cod_dptop":"5","cod_mnpo":"607","nombre_mnpo":"RETIRO"},
{"cod_dptop":"5","cod_mnpo":"615","nombre_mnpo":"RIONEGRO"},
{"cod_dptop":"5","cod_mnpo":"628","nombre_mnpo":"SABANALARGA"},
{"cod_dptop":"5","cod_mnpo":"631","nombre_mnpo":"SABANETA"},
{"cod_dptop":"5","cod_mnpo":"642","nombre_mnpo":"SALGAR"},
{"cod_dptop":"5","cod_mnpo":"647","nombre_mnpo":"SAN ANDRES DE CUERQUIA"},
{"cod_dptop":"5","cod_mnpo":"649","nombre_mnpo":"SAN CARLOS"},
{"cod_dptop":"5","cod_mnpo":"652","nombre_mnpo":"SAN FRANCISCO"},
{"cod_dptop":"5","cod_mnpo":"656","nombre_mnpo":"SAN JERONIMO"},
{"cod_dptop":"5","cod_mnpo":"658","nombre_mnpo":"SAN JOSE DE LA MONTAÑA"},
{"cod_dptop":"5","cod_mnpo":"659","nombre_mnpo":"SAN JUAN DE URABA"},
{"cod_dptop":"5","cod_mnpo":"660","nombre_mnpo":"SAN LUIS"},
{"cod_dptop":"5","cod_mnpo":"664","nombre_mnpo":"SAN PEDRO"},
{"cod_dptop":"5","cod_mnpo":"665","nombre_mnpo":"SAN PEDRO DE URABA"},
{"cod_dptop":"5","cod_mnpo":"667","nombre_mnpo":"SAN RAFAEL"},
{"cod_dptop":"5","cod_mnpo":"670","nombre_mnpo":"SAN ROQUE"},
{"cod_dptop":"5","cod_mnpo":"674","nombre_mnpo":"SAN VICENTE"},
{"cod_dptop":"5","cod_mnpo":"679","nombre_mnpo":"SANTA BARBARA"},
{"cod_dptop":"5","cod_mnpo":"686","nombre_mnpo":"SANTA ROSA DE OSOS"},
{"cod_dptop":"5","cod_mnpo":"690","nombre_mnpo":"SANTO DOMINGO"},
{"cod_dptop":"5","cod_mnpo":"697","nombre_mnpo":"EL SANTUARIO"},
{"cod_dptop":"5","cod_mnpo":"736","nombre_mnpo":"SEGOVIA"},
{"cod_dptop":"5","cod_mnpo":"756","nombre_mnpo":"SONSON"},
{"cod_dptop":"5","cod_mnpo":"761","nombre_mnpo":"SOPETRAN"},
{"cod_dptop":"5","cod_mnpo":"789","nombre_mnpo":"TAMESIS"},
{"cod_dptop":"5","cod_mnpo":"790","nombre_mnpo":"TARAZA"},
{"cod_dptop":"5","cod_mnpo":"792","nombre_mnpo":"TARSO"},
{"cod_dptop":"5","cod_mnpo":"809","nombre_mnpo":"TITIRIBI"},
{"cod_dptop":"5","cod_mnpo":"819","nombre_mnpo":"TOLEDO"},
{"cod_dptop":"5","cod_mnpo":"837","nombre_mnpo":"TURBO"},
{"cod_dptop":"5","cod_mnpo":"842","nombre_mnpo":"URAMITA"},
{"cod_dptop":"5","cod_mnpo":"847","nombre_mnpo":"URRAO"},
{"cod_dptop":"5","cod_mnpo":"854","nombre_mnpo":"VALDIVIA"},
{"cod_dptop":"5","cod_mnpo":"856","nombre_mnpo":"VALPARAISO"},
{"cod_dptop":"5","cod_mnpo":"858","nombre_mnpo":"VEGACHI"},
{"cod_dptop":"5","cod_mnpo":"861","nombre_mnpo":"VENECIA"},
{"cod_dptop":"5","cod_mnpo":"873","nombre_mnpo":"VIGIA DEL FUERTE"},
{"cod_dptop":"5","cod_mnpo":"885","nombre_mnpo":"YALI"},
{"cod_dptop":"5","cod_mnpo":"887","nombre_mnpo":"YARUMAL"},
{"cod_dptop":"5","cod_mnpo":"890","nombre_mnpo":"YOLOMBO"},
{"cod_dptop":"5","cod_mnpo":"893","nombre_mnpo":"YONDO"},
{"cod_dptop":"5","cod_mnpo":"895","nombre_mnpo":"ZARAGOZA"},
{"cod_dptop":"8","cod_mnpo":"1","nombre_mnpo":"BARRANQUILLA"},
{"cod_dptop":"8","cod_mnpo":"78","nombre_mnpo":"BARANOA"},
{"cod_dptop":"8","cod_mnpo":"137","nombre_mnpo":"CAMPO DE LA CRUZ"},
{"cod_dptop":"8","cod_mnpo":"141","nombre_mnpo":"CANDELARIA"},
{"cod_dptop":"8","cod_mnpo":"296","nombre_mnpo":"GALAPA"},
{"cod_dptop":"8","cod_mnpo":"372","nombre_mnpo":"JUAN DE ACOSTA"},
{"cod_dptop":"8","cod_mnpo":"421","nombre_mnpo":"LURUACO"},
{"cod_dptop":"8","cod_mnpo":"433","nombre_mnpo":"MALAMBO"},
{"cod_dptop":"8","cod_mnpo":"436","nombre_mnpo":"MANATI"},
{"cod_dptop":"8","cod_mnpo":"520","nombre_mnpo":"PALMAR DE VARELA"},
{"cod_dptop":"8","cod_mnpo":"549","nombre_mnpo":"PIOJO"},
{"cod_dptop":"8","cod_mnpo":"558","nombre_mnpo":"POLONUEVO"},
{"cod_dptop":"8","cod_mnpo":"560","nombre_mnpo":"PONEDERA"},
{"cod_dptop":"8","cod_mnpo":"573","nombre_mnpo":"PUERTO COLOMBIA"},
{"cod_dptop":"8","cod_mnpo":"606","nombre_mnpo":"REPELON"},
{"cod_dptop":"8","cod_mnpo":"634","nombre_mnpo":"SABANAGRANDE"},
{"cod_dptop":"8","cod_mnpo":"638","nombre_mnpo":"SABANALARGA"},
{"cod_dptop":"8","cod_mnpo":"675","nombre_mnpo":"SANTA LUCIA"},
{"cod_dptop":"8","cod_mnpo":"685","nombre_mnpo":"SANTO TOMAS"},
{"cod_dptop":"8","cod_mnpo":"758","nombre_mnpo":"SOLEDAD"},
{"cod_dptop":"8","cod_mnpo":"770","nombre_mnpo":"SUAN"},
{"cod_dptop":"8","cod_mnpo":"832","nombre_mnpo":"TUBARA"},
{"cod_dptop":"8","cod_mnpo":"849","nombre_mnpo":"USIACURI"},
{"cod_dptop":"11","cod_mnpo":"1","nombre_mnpo":"BOGOTA, D.C."},
{"cod_dptop":"13","cod_mnpo":"1","nombre_mnpo":"CARTAGENA"},
{"cod_dptop":"13","cod_mnpo":"6","nombre_mnpo":"ACHI"},
{"cod_dptop":"13","cod_mnpo":"30","nombre_mnpo":"ALTOS DEL ROSARIO"},
{"cod_dptop":"13","cod_mnpo":"42","nombre_mnpo":"ARENAL"},
{"cod_dptop":"13","cod_mnpo":"52","nombre_mnpo":"ARJONA"},
{"cod_dptop":"13","cod_mnpo":"62","nombre_mnpo":"ARROYOHONDO"},
{"cod_dptop":"13","cod_mnpo":"74","nombre_mnpo":"BARRANCO DE LOBA"},
{"cod_dptop":"13","cod_mnpo":"140","nombre_mnpo":"CALAMAR"},
{"cod_dptop":"13","cod_mnpo":"160","nombre_mnpo":"CANTAGALLO"},
{"cod_dptop":"13","cod_mnpo":"188","nombre_mnpo":"CICUCO"},
{"cod_dptop":"13","cod_mnpo":"212","nombre_mnpo":"CORDOBA"},
{"cod_dptop":"13","cod_mnpo":"222","nombre_mnpo":"CLEMENCIA"},
{"cod_dptop":"13","cod_mnpo":"244","nombre_mnpo":"EL CARMEN DE BOLIVAR"},
{"cod_dptop":"13","cod_mnpo":"248","nombre_mnpo":"EL GUAMO"},
{"cod_dptop":"13","cod_mnpo":"268","nombre_mnpo":"EL PEÑON"},
{"cod_dptop":"13","cod_mnpo":"300","nombre_mnpo":"HATILLO DE LOBA"},
{"cod_dptop":"13","cod_mnpo":"430","nombre_mnpo":"MAGANGUE"},
{"cod_dptop":"13","cod_mnpo":"433","nombre_mnpo":"MAHATES"},
{"cod_dptop":"13","cod_mnpo":"440","nombre_mnpo":"MARGARITA"},
{"cod_dptop":"13","cod_mnpo":"442","nombre_mnpo":"MARIA LA BAJA"},
{"cod_dptop":"13","cod_mnpo":"458","nombre_mnpo":"MONTECRISTO"},
{"cod_dptop":"13","cod_mnpo":"468","nombre_mnpo":"MOMPOS"},
{"cod_dptop":"13","cod_mnpo":"490","nombre_mnpo":"NOROSI"},
{"cod_dptop":"13","cod_mnpo":"473","nombre_mnpo":"MORALES"},
{"cod_dptop":"13","cod_mnpo":"549","nombre_mnpo":"PINILLOS"},
{"cod_dptop":"13","cod_mnpo":"580","nombre_mnpo":"REGIDOR"},
{"cod_dptop":"13","cod_mnpo":"600","nombre_mnpo":"RIO VIEJO"},
{"cod_dptop":"13","cod_mnpo":"620","nombre_mnpo":"SAN CRISTOBAL"},
{"cod_dptop":"13","cod_mnpo":"647","nombre_mnpo":"SAN ESTANISLAO"},
{"cod_dptop":"13","cod_mnpo":"650","nombre_mnpo":"SAN FERNANDO"},
{"cod_dptop":"13","cod_mnpo":"654","nombre_mnpo":"SAN JACINTO"},
{"cod_dptop":"13","cod_mnpo":"655","nombre_mnpo":"SAN JACINTO DEL CAUCA"},
{"cod_dptop":"13","cod_mnpo":"657","nombre_mnpo":"SAN JUAN NEPOMUCENO"},
{"cod_dptop":"13","cod_mnpo":"667","nombre_mnpo":"SAN MARTIN DE LOBA"},
{"cod_dptop":"13","cod_mnpo":"670","nombre_mnpo":"SAN PABLO"},
{"cod_dptop":"13","cod_mnpo":"673","nombre_mnpo":"SANTA CATALINA"},
{"cod_dptop":"13","cod_mnpo":"683","nombre_mnpo":"SANTA ROSA"},
{"cod_dptop":"13","cod_mnpo":"688","nombre_mnpo":"SANTA ROSA DEL SUR"},
{"cod_dptop":"13","cod_mnpo":"744","nombre_mnpo":"SIMITI"},
{"cod_dptop":"13","cod_mnpo":"760","nombre_mnpo":"SOPLAVIENTO"},
{"cod_dptop":"13","cod_mnpo":"780","nombre_mnpo":"TALAIGUA NUEVO"},
{"cod_dptop":"13","cod_mnpo":"810","nombre_mnpo":"TIQUISIO"},
{"cod_dptop":"13","cod_mnpo":"836","nombre_mnpo":"TURBACO"},
{"cod_dptop":"13","cod_mnpo":"838","nombre_mnpo":"TURBANA"},
{"cod_dptop":"13","cod_mnpo":"873","nombre_mnpo":"VILLANUEVA"},
{"cod_dptop":"13","cod_mnpo":"894","nombre_mnpo":"ZAMBRANO"},
{"cod_dptop":"15","cod_mnpo":"1","nombre_mnpo":"TUNJA"},
{"cod_dptop":"15","cod_mnpo":"22","nombre_mnpo":"ALMEIDA"},
{"cod_dptop":"15","cod_mnpo":"47","nombre_mnpo":"AQUITANIA"},
{"cod_dptop":"15","cod_mnpo":"51","nombre_mnpo":"ARCABUCO"},
{"cod_dptop":"15","cod_mnpo":"87","nombre_mnpo":"BELEN"},
{"cod_dptop":"15","cod_mnpo":"90","nombre_mnpo":"BERBEO"},
{"cod_dptop":"15","cod_mnpo":"92","nombre_mnpo":"BETEITIVA"},
{"cod_dptop":"15","cod_mnpo":"97","nombre_mnpo":"BOAVITA"},
{"cod_dptop":"15","cod_mnpo":"104","nombre_mnpo":"BOYACA"},
{"cod_dptop":"15","cod_mnpo":"106","nombre_mnpo":"BRICEÑO"},
{"cod_dptop":"15","cod_mnpo":"109","nombre_mnpo":"BUENAVISTA"},
{"cod_dptop":"15","cod_mnpo":"114","nombre_mnpo":"BUSBANZA"},
{"cod_dptop":"15","cod_mnpo":"131","nombre_mnpo":"CALDAS"},
{"cod_dptop":"15","cod_mnpo":"135","nombre_mnpo":"CAMPOHERMOSO"},
{"cod_dptop":"15","cod_mnpo":"162","nombre_mnpo":"CERINZA"},
{"cod_dptop":"15","cod_mnpo":"172","nombre_mnpo":"CHINAVITA"},
{"cod_dptop":"15","cod_mnpo":"176","nombre_mnpo":"CHIQUINQUIRA"},
{"cod_dptop":"15","cod_mnpo":"180","nombre_mnpo":"CHISCAS"},
{"cod_dptop":"15","cod_mnpo":"183","nombre_mnpo":"CHITA"},
{"cod_dptop":"15","cod_mnpo":"185","nombre_mnpo":"CHITARAQUE"},
{"cod_dptop":"15","cod_mnpo":"187","nombre_mnpo":"CHIVATA"},
{"cod_dptop":"15","cod_mnpo":"189","nombre_mnpo":"CIENEGA"},
{"cod_dptop":"15","cod_mnpo":"204","nombre_mnpo":"COMBITA"},
{"cod_dptop":"15","cod_mnpo":"212","nombre_mnpo":"COPER"},
{"cod_dptop":"15","cod_mnpo":"215","nombre_mnpo":"CORRALES"},
{"cod_dptop":"15","cod_mnpo":"218","nombre_mnpo":"COVARACHIA"},
{"cod_dptop":"15","cod_mnpo":"223","nombre_mnpo":"CUBARA"},
{"cod_dptop":"15","cod_mnpo":"224","nombre_mnpo":"CUCAITA"},
{"cod_dptop":"15","cod_mnpo":"226","nombre_mnpo":"CUITIVA"},
{"cod_dptop":"15","cod_mnpo":"232","nombre_mnpo":"CHIQUIZA"},
{"cod_dptop":"15","cod_mnpo":"236","nombre_mnpo":"CHIVOR"},
{"cod_dptop":"15","cod_mnpo":"238","nombre_mnpo":"DUITAMA"},
{"cod_dptop":"15","cod_mnpo":"244","nombre_mnpo":"EL COCUY"},
{"cod_dptop":"15","cod_mnpo":"248","nombre_mnpo":"EL ESPINO"},
{"cod_dptop":"15","cod_mnpo":"272","nombre_mnpo":"FIRAVITOBA"},
{"cod_dptop":"15","cod_mnpo":"276","nombre_mnpo":"FLORESTA"},
{"cod_dptop":"15","cod_mnpo":"293","nombre_mnpo":"GACHANTIVA"},
{"cod_dptop":"15","cod_mnpo":"296","nombre_mnpo":"GAMEZA"},
{"cod_dptop":"15","cod_mnpo":"299","nombre_mnpo":"GARAGOA"},
{"cod_dptop":"15","cod_mnpo":"317","nombre_mnpo":"GUACAMAYAS"},
{"cod_dptop":"15","cod_mnpo":"322","nombre_mnpo":"GUATEQUE"},
{"cod_dptop":"15","cod_mnpo":"325","nombre_mnpo":"GUAYATA"},
{"cod_dptop":"15","cod_mnpo":"332","nombre_mnpo":"GsICAN"},
{"cod_dptop":"15","cod_mnpo":"362","nombre_mnpo":"IZA"},
{"cod_dptop":"15","cod_mnpo":"367","nombre_mnpo":"JENESANO"},
{"cod_dptop":"15","cod_mnpo":"368","nombre_mnpo":"JERICO"},
{"cod_dptop":"15","cod_mnpo":"377","nombre_mnpo":"LABRANZAGRANDE"},
{"cod_dptop":"15","cod_mnpo":"380","nombre_mnpo":"LA CAPILLA"},
{"cod_dptop":"15","cod_mnpo":"401","nombre_mnpo":"LA VICTORIA"},
{"cod_dptop":"15","cod_mnpo":"403","nombre_mnpo":"LA UVITA"},
{"cod_dptop":"15","cod_mnpo":"407","nombre_mnpo":"VILLA DE LEYVA"},
{"cod_dptop":"15","cod_mnpo":"425","nombre_mnpo":"MACANAL"},
{"cod_dptop":"15","cod_mnpo":"442","nombre_mnpo":"MARIPI"},
{"cod_dptop":"15","cod_mnpo":"455","nombre_mnpo":"MIRAFLORES"},
{"cod_dptop":"15","cod_mnpo":"464","nombre_mnpo":"MONGUA"},
{"cod_dptop":"15","cod_mnpo":"466","nombre_mnpo":"MONGUI"},
{"cod_dptop":"15","cod_mnpo":"469","nombre_mnpo":"MONIQUIRA"},
{"cod_dptop":"15","cod_mnpo":"476","nombre_mnpo":"MOTAVITA"},
{"cod_dptop":"15","cod_mnpo":"480","nombre_mnpo":"MUZO"},
{"cod_dptop":"15","cod_mnpo":"491","nombre_mnpo":"NOBSA"},
{"cod_dptop":"15","cod_mnpo":"494","nombre_mnpo":"NUEVO COLON"},
{"cod_dptop":"15","cod_mnpo":"500","nombre_mnpo":"OICATA"},
{"cod_dptop":"15","cod_mnpo":"507","nombre_mnpo":"OTANCHE"},
{"cod_dptop":"15","cod_mnpo":"511","nombre_mnpo":"PACHAVITA"},
{"cod_dptop":"15","cod_mnpo":"514","nombre_mnpo":"PAEZ"},
{"cod_dptop":"15","cod_mnpo":"516","nombre_mnpo":"PAIPA"},
{"cod_dptop":"15","cod_mnpo":"518","nombre_mnpo":"PAJARITO"},
{"cod_dptop":"15","cod_mnpo":"522","nombre_mnpo":"PANQUEBA"},
{"cod_dptop":"15","cod_mnpo":"531","nombre_mnpo":"PAUNA"},
{"cod_dptop":"15","cod_mnpo":"533","nombre_mnpo":"PAYA"},
{"cod_dptop":"15","cod_mnpo":"537","nombre_mnpo":"PAZ DE RIO"},
{"cod_dptop":"15","cod_mnpo":"542","nombre_mnpo":"PESCA"},
{"cod_dptop":"15","cod_mnpo":"550","nombre_mnpo":"PISBA"},
{"cod_dptop":"15","cod_mnpo":"572","nombre_mnpo":"PUERTO BOYACA"},
{"cod_dptop":"15","cod_mnpo":"580","nombre_mnpo":"QUIPAMA"},
{"cod_dptop":"15","cod_mnpo":"599","nombre_mnpo":"RAMIRIQUI"},
{"cod_dptop":"15","cod_mnpo":"600","nombre_mnpo":"RAQUIRA"},
{"cod_dptop":"15","cod_mnpo":"621","nombre_mnpo":"RONDON"},
{"cod_dptop":"15","cod_mnpo":"632","nombre_mnpo":"SABOYA"},
{"cod_dptop":"15","cod_mnpo":"638","nombre_mnpo":"SACHICA"},
{"cod_dptop":"15","cod_mnpo":"646","nombre_mnpo":"SAMACA"},
{"cod_dptop":"15","cod_mnpo":"660","nombre_mnpo":"SAN EDUARDO"},
{"cod_dptop":"15","cod_mnpo":"664","nombre_mnpo":"SAN JOSE DE PARE"},
{"cod_dptop":"15","cod_mnpo":"667","nombre_mnpo":"SAN LUIS DE GACENO"},
{"cod_dptop":"15","cod_mnpo":"673","nombre_mnpo":"SAN MATEO"},
{"cod_dptop":"15","cod_mnpo":"676","nombre_mnpo":"SAN MIGUEL DE SEMA"},
{"cod_dptop":"15","cod_mnpo":"681","nombre_mnpo":"SAN PABLO DE BORBUR"},
{"cod_dptop":"15","cod_mnpo":"686","nombre_mnpo":"SANTANA"},
{"cod_dptop":"15","cod_mnpo":"690","nombre_mnpo":"SANTA MARIA"},
{"cod_dptop":"15","cod_mnpo":"693","nombre_mnpo":"SANTA ROSA DE VITERBO"},
{"cod_dptop":"15","cod_mnpo":"696","nombre_mnpo":"SANTA SOFIA"},
{"cod_dptop":"15","cod_mnpo":"720","nombre_mnpo":"SATIVANORTE"},
{"cod_dptop":"15","cod_mnpo":"723","nombre_mnpo":"SATIVASUR"},
{"cod_dptop":"15","cod_mnpo":"740","nombre_mnpo":"SIACHOQUE"},
{"cod_dptop":"15","cod_mnpo":"753","nombre_mnpo":"SOATA"},
{"cod_dptop":"15","cod_mnpo":"755","nombre_mnpo":"SOCOTA"},
{"cod_dptop":"15","cod_mnpo":"757","nombre_mnpo":"SOCHA"},
{"cod_dptop":"15","cod_mnpo":"759","nombre_mnpo":"SOGAMOSO"},
{"cod_dptop":"15","cod_mnpo":"761","nombre_mnpo":"SOMONDOCO"},
{"cod_dptop":"15","cod_mnpo":"762","nombre_mnpo":"SORA"},
{"cod_dptop":"15","cod_mnpo":"763","nombre_mnpo":"SOTAQUIRA"},
{"cod_dptop":"15","cod_mnpo":"764","nombre_mnpo":"SORACA"},
{"cod_dptop":"15","cod_mnpo":"774","nombre_mnpo":"SUSACON"},
{"cod_dptop":"15","cod_mnpo":"776","nombre_mnpo":"SUTAMARCHAN"},
{"cod_dptop":"15","cod_mnpo":"778","nombre_mnpo":"SUTATENZA"},
{"cod_dptop":"15","cod_mnpo":"790","nombre_mnpo":"TASCO"},
{"cod_dptop":"15","cod_mnpo":"798","nombre_mnpo":"TENZA"},
{"cod_dptop":"15","cod_mnpo":"804","nombre_mnpo":"TIBANA"},
{"cod_dptop":"15","cod_mnpo":"806","nombre_mnpo":"TIBASOSA"},
{"cod_dptop":"15","cod_mnpo":"808","nombre_mnpo":"TINJACA"},
{"cod_dptop":"15","cod_mnpo":"810","nombre_mnpo":"TIPACOQUE"},
{"cod_dptop":"15","cod_mnpo":"814","nombre_mnpo":"TOCA"},
{"cod_dptop":"15","cod_mnpo":"816","nombre_mnpo":"TOGsI"},
{"cod_dptop":"15","cod_mnpo":"820","nombre_mnpo":"TOPAGA"},
{"cod_dptop":"15","cod_mnpo":"822","nombre_mnpo":"TOTA"},
{"cod_dptop":"15","cod_mnpo":"832","nombre_mnpo":"TUNUNGUA"},
{"cod_dptop":"15","cod_mnpo":"835","nombre_mnpo":"TURMEQUE"},
{"cod_dptop":"15","cod_mnpo":"837","nombre_mnpo":"TUTA"},
{"cod_dptop":"15","cod_mnpo":"839","nombre_mnpo":"TUTAZA"},
{"cod_dptop":"15","cod_mnpo":"842","nombre_mnpo":"UMBITA"},
{"cod_dptop":"15","cod_mnpo":"861","nombre_mnpo":"VENTAQUEMADA"},
{"cod_dptop":"15","cod_mnpo":"879","nombre_mnpo":"VIRACACHA"},
{"cod_dptop":"15","cod_mnpo":"897","nombre_mnpo":"ZETAQUIRA"},
{"cod_dptop":"17","cod_mnpo":"1","nombre_mnpo":"MANIZALES"},
{"cod_dptop":"17","cod_mnpo":"13","nombre_mnpo":"AGUADAS"},
{"cod_dptop":"17","cod_mnpo":"42","nombre_mnpo":"ANSERMA"},
{"cod_dptop":"17","cod_mnpo":"50","nombre_mnpo":"ARANZAZU"},
{"cod_dptop":"17","cod_mnpo":"88","nombre_mnpo":"BELALCAZAR"},
{"cod_dptop":"17","cod_mnpo":"174","nombre_mnpo":"CHINCHINA"},
{"cod_dptop":"17","cod_mnpo":"272","nombre_mnpo":"FILADELFIA"},
{"cod_dptop":"17","cod_mnpo":"380","nombre_mnpo":"LA DORADA"},
{"cod_dptop":"17","cod_mnpo":"388","nombre_mnpo":"LA MERCED"},
{"cod_dptop":"17","cod_mnpo":"433","nombre_mnpo":"MANZANARES"},
{"cod_dptop":"17","cod_mnpo":"442","nombre_mnpo":"MARMATO"},
{"cod_dptop":"17","cod_mnpo":"444","nombre_mnpo":"MARQUETALIA"},
{"cod_dptop":"17","cod_mnpo":"446","nombre_mnpo":"MARULANDA"},
{"cod_dptop":"17","cod_mnpo":"486","nombre_mnpo":"NEIRA"},
{"cod_dptop":"17","cod_mnpo":"495","nombre_mnpo":"NORCASIA"},
{"cod_dptop":"17","cod_mnpo":"513","nombre_mnpo":"PACORA"},
{"cod_dptop":"17","cod_mnpo":"524","nombre_mnpo":"PALESTINA"},
{"cod_dptop":"17","cod_mnpo":"541","nombre_mnpo":"PENSILVANIA"},
{"cod_dptop":"17","cod_mnpo":"614","nombre_mnpo":"RIOSUCIO"},
{"cod_dptop":"17","cod_mnpo":"616","nombre_mnpo":"RISARALDA"},
{"cod_dptop":"17","cod_mnpo":"653","nombre_mnpo":"SALAMINA"},
{"cod_dptop":"17","cod_mnpo":"662","nombre_mnpo":"SAMANA"},
{"cod_dptop":"17","cod_mnpo":"665","nombre_mnpo":"SAN JOSE"},
{"cod_dptop":"17","cod_mnpo":"777","nombre_mnpo":"SUPIA"},
{"cod_dptop":"17","cod_mnpo":"867","nombre_mnpo":"VICTORIA"},
{"cod_dptop":"17","cod_mnpo":"873","nombre_mnpo":"VILLAMARIA"},
{"cod_dptop":"17","cod_mnpo":"877","nombre_mnpo":"VITERBO"},
{"cod_dptop":"18","cod_mnpo":"1","nombre_mnpo":"FLORENCIA"},
{"cod_dptop":"18","cod_mnpo":"29","nombre_mnpo":"ALBANIA"},
{"cod_dptop":"18","cod_mnpo":"94","nombre_mnpo":"BELEN DE LOS ANDAQUIES"},
{"cod_dptop":"18","cod_mnpo":"150","nombre_mnpo":"CARTAGENA DEL CHAIRA"},
{"cod_dptop":"18","cod_mnpo":"205","nombre_mnpo":"CURILLO"},
{"cod_dptop":"18","cod_mnpo":"247","nombre_mnpo":"EL DONCELLO"},
{"cod_dptop":"18","cod_mnpo":"256","nombre_mnpo":"EL PAUJIL"},
{"cod_dptop":"18","cod_mnpo":"410","nombre_mnpo":"LA MONTAÑITA"},
{"cod_dptop":"18","cod_mnpo":"460","nombre_mnpo":"MILAN"},
{"cod_dptop":"18","cod_mnpo":"479","nombre_mnpo":"MORELIA"},
{"cod_dptop":"18","cod_mnpo":"592","nombre_mnpo":"PUERTO RICO"},
{"cod_dptop":"18","cod_mnpo":"610","nombre_mnpo":"SAN JOSE DEL FRAGUA"},
{"cod_dptop":"18","cod_mnpo":"753","nombre_mnpo":"SAN VICENTE DEL CAGUAN"},
{"cod_dptop":"18","cod_mnpo":"756","nombre_mnpo":"SOLANO"},
{"cod_dptop":"18","cod_mnpo":"785","nombre_mnpo":"SOLITA"},
{"cod_dptop":"18","cod_mnpo":"860","nombre_mnpo":"VALPARAISO"},
{"cod_dptop":"19","cod_mnpo":"1","nombre_mnpo":"POPAYAN"},
{"cod_dptop":"19","cod_mnpo":"22","nombre_mnpo":"ALMAGUER"},
{"cod_dptop":"19","cod_mnpo":"50","nombre_mnpo":"ARGELIA"},
{"cod_dptop":"19","cod_mnpo":"75","nombre_mnpo":"BALBOA"},
{"cod_dptop":"19","cod_mnpo":"100","nombre_mnpo":"BOLIVAR"},
{"cod_dptop":"19","cod_mnpo":"110","nombre_mnpo":"BUENOS AIRES"},
{"cod_dptop":"19","cod_mnpo":"130","nombre_mnpo":"CAJIBIO"},
{"cod_dptop":"19","cod_mnpo":"137","nombre_mnpo":"CALDONO"},
{"cod_dptop":"19","cod_mnpo":"142","nombre_mnpo":"CALOTO"},
{"cod_dptop":"19","cod_mnpo":"212","nombre_mnpo":"CORINTO"},
{"cod_dptop":"19","cod_mnpo":"256","nombre_mnpo":"EL TAMBO"},
{"cod_dptop":"19","cod_mnpo":"290","nombre_mnpo":"FLORENCIA"},
{"cod_dptop":"19","cod_mnpo":"300","nombre_mnpo":"GUACHENE"},
{"cod_dptop":"19","cod_mnpo":"318","nombre_mnpo":"GUAPI"},
{"cod_dptop":"19","cod_mnpo":"355","nombre_mnpo":"INZA"},
{"cod_dptop":"19","cod_mnpo":"364","nombre_mnpo":"JAMBALO"},
{"cod_dptop":"19","cod_mnpo":"392","nombre_mnpo":"LA SIERRA"},
{"cod_dptop":"19","cod_mnpo":"397","nombre_mnpo":"LA VEGA"},
{"cod_dptop":"19","cod_mnpo":"418","nombre_mnpo":"LOPEZ"},
{"cod_dptop":"19","cod_mnpo":"450","nombre_mnpo":"MERCADERES"},
{"cod_dptop":"19","cod_mnpo":"455","nombre_mnpo":"MIRANDA"},
{"cod_dptop":"19","cod_mnpo":"473","nombre_mnpo":"MORALES"},
{"cod_dptop":"19","cod_mnpo":"513","nombre_mnpo":"PADILLA"},
{"cod_dptop":"19","cod_mnpo":"517","nombre_mnpo":"PAEZ"},
{"cod_dptop":"19","cod_mnpo":"532","nombre_mnpo":"PATIA"},
{"cod_dptop":"19","cod_mnpo":"533","nombre_mnpo":"PIAMONTE"},
{"cod_dptop":"19","cod_mnpo":"548","nombre_mnpo":"PIENDAMO"},
{"cod_dptop":"19","cod_mnpo":"573","nombre_mnpo":"PUERTO TEJADA"},
{"cod_dptop":"19","cod_mnpo":"585","nombre_mnpo":"PURACE"},
{"cod_dptop":"19","cod_mnpo":"622","nombre_mnpo":"ROSAS"},
{"cod_dptop":"19","cod_mnpo":"693","nombre_mnpo":"SAN SEBASTIAN"},
{"cod_dptop":"19","cod_mnpo":"698","nombre_mnpo":"SANTANDER DE QUILICHAO"},
{"cod_dptop":"19","cod_mnpo":"701","nombre_mnpo":"SANTA ROSA"},
{"cod_dptop":"19","cod_mnpo":"743","nombre_mnpo":"SILVIA"},
{"cod_dptop":"19","cod_mnpo":"760","nombre_mnpo":"SOTARA"},
{"cod_dptop":"19","cod_mnpo":"780","nombre_mnpo":"SUAREZ"},
{"cod_dptop":"19","cod_mnpo":"785","nombre_mnpo":"SUCRE"},
{"cod_dptop":"19","cod_mnpo":"807","nombre_mnpo":"TIMBIO"},
{"cod_dptop":"19","cod_mnpo":"809","nombre_mnpo":"TIMBIQUI"},
{"cod_dptop":"19","cod_mnpo":"821","nombre_mnpo":"TORIBIO"},
{"cod_dptop":"19","cod_mnpo":"824","nombre_mnpo":"TOTORO"},
{"cod_dptop":"19","cod_mnpo":"845","nombre_mnpo":"VILLA RICA"},
{"cod_dptop":"20","cod_mnpo":"1","nombre_mnpo":"VALLEDUPAR"},
{"cod_dptop":"20","cod_mnpo":"11","nombre_mnpo":"AGUACHICA"},
{"cod_dptop":"20","cod_mnpo":"13","nombre_mnpo":"AGUSTIN CODAZZI"},
{"cod_dptop":"20","cod_mnpo":"32","nombre_mnpo":"ASTREA"},
{"cod_dptop":"20","cod_mnpo":"45","nombre_mnpo":"BECERRIL"},
{"cod_dptop":"20","cod_mnpo":"60","nombre_mnpo":"BOSCONIA"},
{"cod_dptop":"20","cod_mnpo":"175","nombre_mnpo":"CHIMICHAGUA"},
{"cod_dptop":"20","cod_mnpo":"178","nombre_mnpo":"CHIRIGUANA"},
{"cod_dptop":"20","cod_mnpo":"228","nombre_mnpo":"CURUMANI"},
{"cod_dptop":"20","cod_mnpo":"238","nombre_mnpo":"EL COPEY"},
{"cod_dptop":"20","cod_mnpo":"250","nombre_mnpo":"EL PASO"},
{"cod_dptop":"20","cod_mnpo":"295","nombre_mnpo":"GAMARRA"},
{"cod_dptop":"20","cod_mnpo":"310","nombre_mnpo":"GONZALEZ"},
{"cod_dptop":"20","cod_mnpo":"383","nombre_mnpo":"LA GLORIA"},
{"cod_dptop":"20","cod_mnpo":"400","nombre_mnpo":"LA JAGUA DE IBIRICO"},
{"cod_dptop":"20","cod_mnpo":"443","nombre_mnpo":"MANAURE"},
{"cod_dptop":"20","cod_mnpo":"517","nombre_mnpo":"PAILITAS"},
{"cod_dptop":"20","cod_mnpo":"550","nombre_mnpo":"PELAYA"},
{"cod_dptop":"20","cod_mnpo":"570","nombre_mnpo":"PUEBLO BELLO"},
{"cod_dptop":"20","cod_mnpo":"614","nombre_mnpo":"RIO DE ORO"},
{"cod_dptop":"20","cod_mnpo":"621","nombre_mnpo":"LA PAZ"},
{"cod_dptop":"20","cod_mnpo":"710","nombre_mnpo":"SAN ALBERTO"},
{"cod_dptop":"20","cod_mnpo":"750","nombre_mnpo":"SAN DIEGO"},
{"cod_dptop":"20","cod_mnpo":"770","nombre_mnpo":"SAN MARTIN"},
{"cod_dptop":"20","cod_mnpo":"787","nombre_mnpo":"TAMALAMEQUE"},
{"cod_dptop":"23","cod_mnpo":"1","nombre_mnpo":"MONTERIA"},
{"cod_dptop":"23","cod_mnpo":"68","nombre_mnpo":"AYAPEL"},
{"cod_dptop":"23","cod_mnpo":"79","nombre_mnpo":"BUENAVISTA"},
{"cod_dptop":"23","cod_mnpo":"90","nombre_mnpo":"CANALETE"},
{"cod_dptop":"23","cod_mnpo":"162","nombre_mnpo":"CERETE"},
{"cod_dptop":"23","cod_mnpo":"168","nombre_mnpo":"CHIMA"},
{"cod_dptop":"23","cod_mnpo":"182","nombre_mnpo":"CHINU"},
{"cod_dptop":"23","cod_mnpo":"189","nombre_mnpo":"CIENAGA DE ORO"},
{"cod_dptop":"23","cod_mnpo":"300","nombre_mnpo":"COTORRA"},
{"cod_dptop":"23","cod_mnpo":"350","nombre_mnpo":"LA APARTADA"},
{"cod_dptop":"23","cod_mnpo":"417","nombre_mnpo":"LORICA"},
{"cod_dptop":"23","cod_mnpo":"419","nombre_mnpo":"LOS CORDOBAS"},
{"cod_dptop":"23","cod_mnpo":"464","nombre_mnpo":"MOMIL"},
{"cod_dptop":"23","cod_mnpo":"466","nombre_mnpo":"MONTELIBANO"},
{"cod_dptop":"23","cod_mnpo":"500","nombre_mnpo":"MOÑITOS"},
{"cod_dptop":"23","cod_mnpo":"555","nombre_mnpo":"PLANETA RICA"},
{"cod_dptop":"23","cod_mnpo":"570","nombre_mnpo":"PUEBLO NUEVO"},
{"cod_dptop":"23","cod_mnpo":"574","nombre_mnpo":"PUERTO ESCONDIDO"},
{"cod_dptop":"23","cod_mnpo":"580","nombre_mnpo":"PUERTO LIBERTADOR"},
{"cod_dptop":"23","cod_mnpo":"586","nombre_mnpo":"PURISIMA"},
{"cod_dptop":"23","cod_mnpo":"660","nombre_mnpo":"SAHAGUN"},
{"cod_dptop":"23","cod_mnpo":"670","nombre_mnpo":"SAN ANDRES SOTAVENTO"},
{"cod_dptop":"23","cod_mnpo":"672","nombre_mnpo":"SAN ANTERO"},
{"cod_dptop":"23","cod_mnpo":"675","nombre_mnpo":"SAN BERNARDO DEL VIENTO"},
{"cod_dptop":"23","cod_mnpo":"678","nombre_mnpo":"SAN CARLOS"},
{"cod_dptop":"23","cod_mnpo":"686","nombre_mnpo":"SAN PELAYO"},
{"cod_dptop":"23","cod_mnpo":"807","nombre_mnpo":"TIERRALTA"},
{"cod_dptop":"23","cod_mnpo":"855","nombre_mnpo":"VALENCIA"},
{"cod_dptop":"25","cod_mnpo":"1","nombre_mnpo":"AGUA DE DIOS"},
{"cod_dptop":"25","cod_mnpo":"19","nombre_mnpo":"ALBAN"},
{"cod_dptop":"25","cod_mnpo":"35","nombre_mnpo":"ANAPOIMA"},
{"cod_dptop":"25","cod_mnpo":"40","nombre_mnpo":"ANOLAIMA"},
{"cod_dptop":"25","cod_mnpo":"53","nombre_mnpo":"ARBELAEZ"},
{"cod_dptop":"25","cod_mnpo":"86","nombre_mnpo":"BELTRAN"},
{"cod_dptop":"25","cod_mnpo":"95","nombre_mnpo":"BITUIMA"},
{"cod_dptop":"25","cod_mnpo":"99","nombre_mnpo":"BOJACA"},
{"cod_dptop":"25","cod_mnpo":"120","nombre_mnpo":"CABRERA"},
{"cod_dptop":"25","cod_mnpo":"123","nombre_mnpo":"CACHIPAY"},
{"cod_dptop":"25","cod_mnpo":"126","nombre_mnpo":"CAJICA"},
{"cod_dptop":"25","cod_mnpo":"148","nombre_mnpo":"CAPARRAPI"},
{"cod_dptop":"25","cod_mnpo":"151","nombre_mnpo":"CAQUEZA"},
{"cod_dptop":"25","cod_mnpo":"154","nombre_mnpo":"CARMEN DE CARUPA"},
{"cod_dptop":"25","cod_mnpo":"168","nombre_mnpo":"CHAGUANI"},
{"cod_dptop":"25","cod_mnpo":"175","nombre_mnpo":"CHIA"},
{"cod_dptop":"25","cod_mnpo":"178","nombre_mnpo":"CHIPAQUE"},
{"cod_dptop":"25","cod_mnpo":"181","nombre_mnpo":"CHOACHI"},
{"cod_dptop":"25","cod_mnpo":"183","nombre_mnpo":"CHOCONTA"},
{"cod_dptop":"25","cod_mnpo":"200","nombre_mnpo":"COGUA"},
{"cod_dptop":"25","cod_mnpo":"214","nombre_mnpo":"COTA"},
{"cod_dptop":"25","cod_mnpo":"224","nombre_mnpo":"CUCUNUBA"},
{"cod_dptop":"25","cod_mnpo":"245","nombre_mnpo":"EL COLEGIO"},
{"cod_dptop":"25","cod_mnpo":"258","nombre_mnpo":"EL PEÑON"},
{"cod_dptop":"25","cod_mnpo":"260","nombre_mnpo":"EL ROSAL"},
{"cod_dptop":"25","cod_mnpo":"269","nombre_mnpo":"FACATATIVA"},
{"cod_dptop":"25","cod_mnpo":"279","nombre_mnpo":"FOMEQUE"},
{"cod_dptop":"25","cod_mnpo":"281","nombre_mnpo":"FOSCA"},
{"cod_dptop":"25","cod_mnpo":"286","nombre_mnpo":"FUNZA"},
{"cod_dptop":"25","cod_mnpo":"288","nombre_mnpo":"FUQUENE"},
{"cod_dptop":"25","cod_mnpo":"290","nombre_mnpo":"FUSAGASUGA"},
{"cod_dptop":"25","cod_mnpo":"293","nombre_mnpo":"GACHALA"},
{"cod_dptop":"25","cod_mnpo":"295","nombre_mnpo":"GACHANCIPA"},
{"cod_dptop":"25","cod_mnpo":"297","nombre_mnpo":"GACHETA"},
{"cod_dptop":"25","cod_mnpo":"299","nombre_mnpo":"GAMA"},
{"cod_dptop":"25","cod_mnpo":"307","nombre_mnpo":"GIRARDOT"},
{"cod_dptop":"25","cod_mnpo":"312","nombre_mnpo":"GRANADA"},
{"cod_dptop":"25","cod_mnpo":"317","nombre_mnpo":"GUACHETA"},
{"cod_dptop":"25","cod_mnpo":"320","nombre_mnpo":"GUADUAS"},
{"cod_dptop":"25","cod_mnpo":"322","nombre_mnpo":"GUASCA"},
{"cod_dptop":"25","cod_mnpo":"324","nombre_mnpo":"GUATAQUI"},
{"cod_dptop":"25","cod_mnpo":"326","nombre_mnpo":"GUATAVITA"},
{"cod_dptop":"25","cod_mnpo":"328","nombre_mnpo":"GUAYABAL DE SIQUIMA"},
{"cod_dptop":"25","cod_mnpo":"335","nombre_mnpo":"GUAYABETAL"},
{"cod_dptop":"25","cod_mnpo":"339","nombre_mnpo":"GUTIERREZ"},
{"cod_dptop":"25","cod_mnpo":"368","nombre_mnpo":"JERUSALEN"},
{"cod_dptop":"25","cod_mnpo":"372","nombre_mnpo":"JUNIN"},
{"cod_dptop":"25","cod_mnpo":"377","nombre_mnpo":"LA CALERA"},
{"cod_dptop":"25","cod_mnpo":"386","nombre_mnpo":"LA MESA"},
{"cod_dptop":"25","cod_mnpo":"394","nombre_mnpo":"LA PALMA"},
{"cod_dptop":"25","cod_mnpo":"398","nombre_mnpo":"LA PEÑA"},
{"cod_dptop":"25","cod_mnpo":"402","nombre_mnpo":"LA VEGA"},
{"cod_dptop":"25","cod_mnpo":"407","nombre_mnpo":"LENGUAZAQUE"},
{"cod_dptop":"25","cod_mnpo":"426","nombre_mnpo":"MACHETA"},
{"cod_dptop":"25","cod_mnpo":"430","nombre_mnpo":"MADRID"},
{"cod_dptop":"25","cod_mnpo":"436","nombre_mnpo":"MANTA"},
{"cod_dptop":"25","cod_mnpo":"438","nombre_mnpo":"MEDINA"},
{"cod_dptop":"25","cod_mnpo":"473","nombre_mnpo":"MOSQUERA"},
{"cod_dptop":"25","cod_mnpo":"483","nombre_mnpo":"NARIÑO"},
{"cod_dptop":"25","cod_mnpo":"486","nombre_mnpo":"NEMOCON"},
{"cod_dptop":"25","cod_mnpo":"488","nombre_mnpo":"NILO"},
{"cod_dptop":"25","cod_mnpo":"489","nombre_mnpo":"NIMAIMA"},
{"cod_dptop":"25","cod_mnpo":"491","nombre_mnpo":"NOCAIMA"},
{"cod_dptop":"25","cod_mnpo":"506","nombre_mnpo":"VENECIA"},
{"cod_dptop":"25","cod_mnpo":"513","nombre_mnpo":"PACHO"},
{"cod_dptop":"25","cod_mnpo":"518","nombre_mnpo":"PAIME"},
{"cod_dptop":"25","cod_mnpo":"524","nombre_mnpo":"PANDI"},
{"cod_dptop":"25","cod_mnpo":"530","nombre_mnpo":"PARATEBUENO"},
{"cod_dptop":"25","cod_mnpo":"535","nombre_mnpo":"PASCA"},
{"cod_dptop":"25","cod_mnpo":"572","nombre_mnpo":"PUERTO SALGAR"},
{"cod_dptop":"25","cod_mnpo":"580","nombre_mnpo":"PULI"},
{"cod_dptop":"25","cod_mnpo":"592","nombre_mnpo":"QUEBRADANEGRA"},
{"cod_dptop":"25","cod_mnpo":"594","nombre_mnpo":"QUETAME"},
{"cod_dptop":"25","cod_mnpo":"596","nombre_mnpo":"QUIPILE"},
{"cod_dptop":"25","cod_mnpo":"599","nombre_mnpo":"APULO"},
{"cod_dptop":"25","cod_mnpo":"612","nombre_mnpo":"RICAURTE"},
{"cod_dptop":"25","cod_mnpo":"645","nombre_mnpo":"SAN ANTONIO DEL TEQUENDAMA"},
{"cod_dptop":"25","cod_mnpo":"649","nombre_mnpo":"SAN BERNARDO"},
{"cod_dptop":"25","cod_mnpo":"653","nombre_mnpo":"SAN CAYETANO"},
{"cod_dptop":"25","cod_mnpo":"658","nombre_mnpo":"SAN FRANCISCO"},
{"cod_dptop":"25","cod_mnpo":"662","nombre_mnpo":"SAN JUAN DE RIO SECO"},
{"cod_dptop":"25","cod_mnpo":"718","nombre_mnpo":"SASAIMA"},
{"cod_dptop":"25","cod_mnpo":"736","nombre_mnpo":"SESQUILE"},
{"cod_dptop":"25","cod_mnpo":"740","nombre_mnpo":"SIBATE"},
{"cod_dptop":"25","cod_mnpo":"743","nombre_mnpo":"SILVANIA"},
{"cod_dptop":"25","cod_mnpo":"745","nombre_mnpo":"SIMIJACA"},
{"cod_dptop":"25","cod_mnpo":"754","nombre_mnpo":"SOACHA"},
{"cod_dptop":"25","cod_mnpo":"758","nombre_mnpo":"SOPO"},
{"cod_dptop":"25","cod_mnpo":"769","nombre_mnpo":"SUBACHOQUE"},
{"cod_dptop":"25","cod_mnpo":"772","nombre_mnpo":"SUESCA"},
{"cod_dptop":"25","cod_mnpo":"777","nombre_mnpo":"SUPATA"},
{"cod_dptop":"25","cod_mnpo":"779","nombre_mnpo":"SUSA"},
{"cod_dptop":"25","cod_mnpo":"781","nombre_mnpo":"SUTATAUSA"},
{"cod_dptop":"25","cod_mnpo":"785","nombre_mnpo":"TABIO"},
{"cod_dptop":"25","cod_mnpo":"793","nombre_mnpo":"TAUSA"},
{"cod_dptop":"25","cod_mnpo":"797","nombre_mnpo":"TENA"},
{"cod_dptop":"25","cod_mnpo":"799","nombre_mnpo":"TENJO"},
{"cod_dptop":"25","cod_mnpo":"805","nombre_mnpo":"TIBACUY"},
{"cod_dptop":"25","cod_mnpo":"807","nombre_mnpo":"TIBIRITA"},
{"cod_dptop":"25","cod_mnpo":"815","nombre_mnpo":"TOCAIMA"},
{"cod_dptop":"25","cod_mnpo":"817","nombre_mnpo":"TOCANCIPA"},
{"cod_dptop":"25","cod_mnpo":"823","nombre_mnpo":"TOPAIPI"},
{"cod_dptop":"25","cod_mnpo":"839","nombre_mnpo":"UBALA"},
{"cod_dptop":"25","cod_mnpo":"841","nombre_mnpo":"UBAQUE"},
{"cod_dptop":"25","cod_mnpo":"843","nombre_mnpo":"VILLA DE SAN DIEGO DE UBATE"},
{"cod_dptop":"25","cod_mnpo":"845","nombre_mnpo":"UNE"},
{"cod_dptop":"25","cod_mnpo":"851","nombre_mnpo":"UTICA"},
{"cod_dptop":"25","cod_mnpo":"862","nombre_mnpo":"VERGARA"},
{"cod_dptop":"25","cod_mnpo":"867","nombre_mnpo":"VIANI"},
{"cod_dptop":"25","cod_mnpo":"871","nombre_mnpo":"VILLAGOMEZ"},
{"cod_dptop":"25","cod_mnpo":"873","nombre_mnpo":"VILLAPINZON"},
{"cod_dptop":"25","cod_mnpo":"875","nombre_mnpo":"VILLETA"},
{"cod_dptop":"25","cod_mnpo":"878","nombre_mnpo":"VIOTA"},
{"cod_dptop":"25","cod_mnpo":"885","nombre_mnpo":"YACOPI"},
{"cod_dptop":"25","cod_mnpo":"898","nombre_mnpo":"ZIPACON"},
{"cod_dptop":"25","cod_mnpo":"899","nombre_mnpo":"ZIPAQUIRA"},
{"cod_dptop":"27","cod_mnpo":"1","nombre_mnpo":"QUIBDO"},
{"cod_dptop":"27","cod_mnpo":"6","nombre_mnpo":"ACANDI"},
{"cod_dptop":"27","cod_mnpo":"25","nombre_mnpo":"ALTO BAUDO"},
{"cod_dptop":"27","cod_mnpo":"50","nombre_mnpo":"ATRATO"},
{"cod_dptop":"27","cod_mnpo":"73","nombre_mnpo":"BAGADO"},
{"cod_dptop":"27","cod_mnpo":"75","nombre_mnpo":"BAHIA SOLANO"},
{"cod_dptop":"27","cod_mnpo":"77","nombre_mnpo":"BAJO BAUDO"},
{"cod_dptop":"27","cod_mnpo":"99","nombre_mnpo":"BOJAYA"},
{"cod_dptop":"27","cod_mnpo":"135","nombre_mnpo":"EL CANTON DEL SAN PABLO"},
{"cod_dptop":"27","cod_mnpo":"150","nombre_mnpo":"CARMEN DEL DARIEN"},
{"cod_dptop":"27","cod_mnpo":"160","nombre_mnpo":"CERTEGUI"},
{"cod_dptop":"27","cod_mnpo":"205","nombre_mnpo":"CONDOTO"},
{"cod_dptop":"27","cod_mnpo":"245","nombre_mnpo":"EL CARMEN DE ATRATO"},
{"cod_dptop":"27","cod_mnpo":"250","nombre_mnpo":"EL LITORAL DEL SAN JUAN"},
{"cod_dptop":"27","cod_mnpo":"361","nombre_mnpo":"ISTMINA"},
{"cod_dptop":"27","cod_mnpo":"372","nombre_mnpo":"JURADO"},
{"cod_dptop":"27","cod_mnpo":"413","nombre_mnpo":"LLORO"},
{"cod_dptop":"27","cod_mnpo":"425","nombre_mnpo":"MEDIO ATRATO"},
{"cod_dptop":"27","cod_mnpo":"430","nombre_mnpo":"MEDIO BAUDO"},
{"cod_dptop":"27","cod_mnpo":"450","nombre_mnpo":"MEDIO SAN JUAN"},
{"cod_dptop":"27","cod_mnpo":"491","nombre_mnpo":"NOVITA"},
{"cod_dptop":"27","cod_mnpo":"495","nombre_mnpo":"NUQUI"},
{"cod_dptop":"27","cod_mnpo":"580","nombre_mnpo":"RIO IRO"},
{"cod_dptop":"27","cod_mnpo":"600","nombre_mnpo":"RIO QUITO"},
{"cod_dptop":"27","cod_mnpo":"615","nombre_mnpo":"RIOSUCIO"},
{"cod_dptop":"27","cod_mnpo":"660","nombre_mnpo":"SAN JOSE DEL PALMAR"},
{"cod_dptop":"27","cod_mnpo":"745","nombre_mnpo":"SIPI"},
{"cod_dptop":"27","cod_mnpo":"787","nombre_mnpo":"TADO"},
{"cod_dptop":"27","cod_mnpo":"800","nombre_mnpo":"UNGUIA"},
{"cod_dptop":"27","cod_mnpo":"810","nombre_mnpo":"UNION PANAMERICANA"},
{"cod_dptop":"41","cod_mnpo":"1","nombre_mnpo":"NEIVA"},
{"cod_dptop":"41","cod_mnpo":"6","nombre_mnpo":"ACEVEDO"},
{"cod_dptop":"41","cod_mnpo":"13","nombre_mnpo":"AGRADO"},
{"cod_dptop":"41","cod_mnpo":"16","nombre_mnpo":"AIPE"},
{"cod_dptop":"41","cod_mnpo":"20","nombre_mnpo":"ALGECIRAS"},
{"cod_dptop":"41","cod_mnpo":"26","nombre_mnpo":"ALTAMIRA"},
{"cod_dptop":"41","cod_mnpo":"78","nombre_mnpo":"BARAYA"},
{"cod_dptop":"41","cod_mnpo":"132","nombre_mnpo":"CAMPOALEGRE"},
{"cod_dptop":"41","cod_mnpo":"206","nombre_mnpo":"COLOMBIA"},
{"cod_dptop":"41","cod_mnpo":"244","nombre_mnpo":"ELIAS"},
{"cod_dptop":"41","cod_mnpo":"298","nombre_mnpo":"GARZON"},
{"cod_dptop":"41","cod_mnpo":"306","nombre_mnpo":"GIGANTE"},
{"cod_dptop":"41","cod_mnpo":"319","nombre_mnpo":"GUADALUPE"},
{"cod_dptop":"41","cod_mnpo":"349","nombre_mnpo":"HOBO"},
{"cod_dptop":"41","cod_mnpo":"357","nombre_mnpo":"IQUIRA"},
{"cod_dptop":"41","cod_mnpo":"359","nombre_mnpo":"ISNOS"},
{"cod_dptop":"41","cod_mnpo":"378","nombre_mnpo":"LA ARGENTINA"},
{"cod_dptop":"41","cod_mnpo":"396","nombre_mnpo":"LA PLATA"},
{"cod_dptop":"41","cod_mnpo":"483","nombre_mnpo":"NATAGA"},
{"cod_dptop":"41","cod_mnpo":"503","nombre_mnpo":"OPORAPA"},
{"cod_dptop":"41","cod_mnpo":"518","nombre_mnpo":"PAICOL"},
{"cod_dptop":"41","cod_mnpo":"524","nombre_mnpo":"PALERMO"},
{"cod_dptop":"41","cod_mnpo":"530","nombre_mnpo":"PALESTINA"},
{"cod_dptop":"41","cod_mnpo":"548","nombre_mnpo":"PITAL"},
{"cod_dptop":"41","cod_mnpo":"551","nombre_mnpo":"PITALITO"},
{"cod_dptop":"41","cod_mnpo":"615","nombre_mnpo":"RIVERA"},
{"cod_dptop":"41","cod_mnpo":"660","nombre_mnpo":"SALADOBLANCO"},
{"cod_dptop":"41","cod_mnpo":"668","nombre_mnpo":"SAN AGUSTIN"},
{"cod_dptop":"41","cod_mnpo":"676","nombre_mnpo":"SANTA MARIA"},
{"cod_dptop":"41","cod_mnpo":"770","nombre_mnpo":"SUAZA"},
{"cod_dptop":"41","cod_mnpo":"791","nombre_mnpo":"TARQUI"},
{"cod_dptop":"41","cod_mnpo":"797","nombre_mnpo":"TESALIA"},
{"cod_dptop":"41","cod_mnpo":"799","nombre_mnpo":"TELLO"},
{"cod_dptop":"41","cod_mnpo":"801","nombre_mnpo":"TERUEL"},
{"cod_dptop":"41","cod_mnpo":"807","nombre_mnpo":"TIMANA"},
{"cod_dptop":"41","cod_mnpo":"872","nombre_mnpo":"VILLAVIEJA"},
{"cod_dptop":"41","cod_mnpo":"885","nombre_mnpo":"YAGUARA"},
{"cod_dptop":"44","cod_mnpo":"1","nombre_mnpo":"RIOHACHA"},
{"cod_dptop":"44","cod_mnpo":"35","nombre_mnpo":"ALBANIA"},
{"cod_dptop":"44","cod_mnpo":"78","nombre_mnpo":"BARRANCAS"},
{"cod_dptop":"44","cod_mnpo":"90","nombre_mnpo":"DIBULLA"},
{"cod_dptop":"44","cod_mnpo":"98","nombre_mnpo":"DISTRACCION"},
{"cod_dptop":"44","cod_mnpo":"110","nombre_mnpo":"EL MOLINO"},
{"cod_dptop":"44","cod_mnpo":"279","nombre_mnpo":"FONSECA"},
{"cod_dptop":"44","cod_mnpo":"378","nombre_mnpo":"HATONUEVO"},
{"cod_dptop":"44","cod_mnpo":"420","nombre_mnpo":"LA JAGUA DEL PILAR"},
{"cod_dptop":"44","cod_mnpo":"430","nombre_mnpo":"MAICAO"},
{"cod_dptop":"44","cod_mnpo":"560","nombre_mnpo":"MANAURE"},
{"cod_dptop":"44","cod_mnpo":"650","nombre_mnpo":"SAN JUAN DEL CESAR"},
{"cod_dptop":"44","cod_mnpo":"847","nombre_mnpo":"URIBIA"},
{"cod_dptop":"44","cod_mnpo":"855","nombre_mnpo":"URUMITA"},
{"cod_dptop":"44","cod_mnpo":"874","nombre_mnpo":"VILLANUEVA"},
{"cod_dptop":"47","cod_mnpo":"1","nombre_mnpo":"SANTA MARTA"},
{"cod_dptop":"47","cod_mnpo":"30","nombre_mnpo":"ALGARROBO"},
{"cod_dptop":"47","cod_mnpo":"53","nombre_mnpo":"ARACATACA"},
{"cod_dptop":"47","cod_mnpo":"58","nombre_mnpo":"ARIGUANI"},
{"cod_dptop":"47","cod_mnpo":"161","nombre_mnpo":"CERRO SAN ANTONIO"},
{"cod_dptop":"47","cod_mnpo":"170","nombre_mnpo":"CHIBOLO"},
{"cod_dptop":"47","cod_mnpo":"189","nombre_mnpo":"CIENAGA"},
{"cod_dptop":"47","cod_mnpo":"205","nombre_mnpo":"CONCORDIA"},
{"cod_dptop":"47","cod_mnpo":"245","nombre_mnpo":"EL BANCO"},
{"cod_dptop":"47","cod_mnpo":"258","nombre_mnpo":"EL PIÑON"},
{"cod_dptop":"47","cod_mnpo":"268","nombre_mnpo":"EL RETEN"},
{"cod_dptop":"47","cod_mnpo":"288","nombre_mnpo":"FUNDACION"},
{"cod_dptop":"47","cod_mnpo":"318","nombre_mnpo":"GUAMAL"},
{"cod_dptop":"47","cod_mnpo":"460","nombre_mnpo":"NUEVA GRANADA"},
{"cod_dptop":"47","cod_mnpo":"541","nombre_mnpo":"PEDRAZA"},
{"cod_dptop":"47","cod_mnpo":"545","nombre_mnpo":"PIJIÑO DEL CARMEN"},
{"cod_dptop":"47","cod_mnpo":"551","nombre_mnpo":"PIVIJAY"},
{"cod_dptop":"47","cod_mnpo":"555","nombre_mnpo":"PLATO"},
{"cod_dptop":"47","cod_mnpo":"570","nombre_mnpo":"PUEBLOVIEJO"},
{"cod_dptop":"47","cod_mnpo":"605","nombre_mnpo":"REMOLINO"},
{"cod_dptop":"47","cod_mnpo":"660","nombre_mnpo":"SABANAS DE SAN ANGEL"},
{"cod_dptop":"47","cod_mnpo":"675","nombre_mnpo":"SALAMINA"},
{"cod_dptop":"47","cod_mnpo":"692","nombre_mnpo":"SAN SEBASTIAN DE BUENAVISTA"},
{"cod_dptop":"47","cod_mnpo":"703","nombre_mnpo":"SAN ZENON"},
{"cod_dptop":"47","cod_mnpo":"707","nombre_mnpo":"SANTA ANA"},
{"cod_dptop":"47","cod_mnpo":"720","nombre_mnpo":"SANTA BARBARA DE PINTO"},
{"cod_dptop":"47","cod_mnpo":"745","nombre_mnpo":"SITIONUEVO"},
{"cod_dptop":"47","cod_mnpo":"798","nombre_mnpo":"TENERIFE"},
{"cod_dptop":"47","cod_mnpo":"960","nombre_mnpo":"ZAPAYAN"},
{"cod_dptop":"47","cod_mnpo":"980","nombre_mnpo":"ZONA BANANERA"},
{"cod_dptop":"50","cod_mnpo":"1","nombre_mnpo":"VILLAVICENCIO"},
{"cod_dptop":"50","cod_mnpo":"6","nombre_mnpo":"ACACIAS"},
{"cod_dptop":"50","cod_mnpo":"110","nombre_mnpo":"BARRANCA DE UPIA"},
{"cod_dptop":"50","cod_mnpo":"124","nombre_mnpo":"CABUYARO"},
{"cod_dptop":"50","cod_mnpo":"150","nombre_mnpo":"CASTILLA LA NUEVA"},
{"cod_dptop":"50","cod_mnpo":"223","nombre_mnpo":"CUBARRAL"},
{"cod_dptop":"50","cod_mnpo":"226","nombre_mnpo":"CUMARAL"},
{"cod_dptop":"50","cod_mnpo":"245","nombre_mnpo":"EL CALVARIO"},
{"cod_dptop":"50","cod_mnpo":"251","nombre_mnpo":"EL CASTILLO"},
{"cod_dptop":"50","cod_mnpo":"270","nombre_mnpo":"EL DORADO"},
{"cod_dptop":"50","cod_mnpo":"287","nombre_mnpo":"FUENTE DE ORO"},
{"cod_dptop":"50","cod_mnpo":"313","nombre_mnpo":"GRANADA"},
{"cod_dptop":"50","cod_mnpo":"318","nombre_mnpo":"GUAMAL"},
{"cod_dptop":"50","cod_mnpo":"325","nombre_mnpo":"MAPIRIPAN"},
{"cod_dptop":"50","cod_mnpo":"330","nombre_mnpo":"MESETAS"},
{"cod_dptop":"50","cod_mnpo":"350","nombre_mnpo":"LA MACARENA"},
{"cod_dptop":"50","cod_mnpo":"370","nombre_mnpo":"URIBE"},
{"cod_dptop":"50","cod_mnpo":"400","nombre_mnpo":"LEJANIAS"},
{"cod_dptop":"50","cod_mnpo":"450","nombre_mnpo":"PUERTO CONCORDIA"},
{"cod_dptop":"50","cod_mnpo":"568","nombre_mnpo":"PUERTO GAITAN"},
{"cod_dptop":"50","cod_mnpo":"573","nombre_mnpo":"PUERTO LOPEZ"},
{"cod_dptop":"50","cod_mnpo":"577","nombre_mnpo":"PUERTO LLERAS"},
{"cod_dptop":"50","cod_mnpo":"590","nombre_mnpo":"PUERTO RICO"},
{"cod_dptop":"50","cod_mnpo":"606","nombre_mnpo":"RESTREPO"},
{"cod_dptop":"50","cod_mnpo":"680","nombre_mnpo":"SAN CARLOS DE GUAROA"},
{"cod_dptop":"50","cod_mnpo":"683","nombre_mnpo":"SAN JUAN DE ARAMA"},
{"cod_dptop":"50","cod_mnpo":"686","nombre_mnpo":"SAN JUANITO"},
{"cod_dptop":"50","cod_mnpo":"689","nombre_mnpo":"SAN MARTIN"},
{"cod_dptop":"50","cod_mnpo":"711","nombre_mnpo":"VISTAHERMOSA"},
{"cod_dptop":"52","cod_mnpo":"1","nombre_mnpo":"PASTO"},
{"cod_dptop":"52","cod_mnpo":"19","nombre_mnpo":"ALBAN"},
{"cod_dptop":"52","cod_mnpo":"22","nombre_mnpo":"ALDANA"},
{"cod_dptop":"52","cod_mnpo":"36","nombre_mnpo":"ANCUYA"},
{"cod_dptop":"52","cod_mnpo":"51","nombre_mnpo":"ARBOLEDA"},
{"cod_dptop":"52","cod_mnpo":"79","nombre_mnpo":"BARBACOAS"},
{"cod_dptop":"52","cod_mnpo":"83","nombre_mnpo":"BELEN"},
{"cod_dptop":"52","cod_mnpo":"110","nombre_mnpo":"BUESACO"},
{"cod_dptop":"52","cod_mnpo":"203","nombre_mnpo":"COLON"},
{"cod_dptop":"52","cod_mnpo":"207","nombre_mnpo":"CONSACA"},
{"cod_dptop":"52","cod_mnpo":"210","nombre_mnpo":"CONTADERO"},
{"cod_dptop":"52","cod_mnpo":"215","nombre_mnpo":"CORDOBA"},
{"cod_dptop":"52","cod_mnpo":"224","nombre_mnpo":"CUASPUD"},
{"cod_dptop":"52","cod_mnpo":"227","nombre_mnpo":"CUMBAL"},
{"cod_dptop":"52","cod_mnpo":"233","nombre_mnpo":"CUMBITARA"},
{"cod_dptop":"52","cod_mnpo":"240","nombre_mnpo":"CHACHAGsI"},
{"cod_dptop":"52","cod_mnpo":"250","nombre_mnpo":"EL CHARCO"},
{"cod_dptop":"52","cod_mnpo":"254","nombre_mnpo":"EL PEÑOL"},
{"cod_dptop":"52","cod_mnpo":"256","nombre_mnpo":"EL ROSARIO"},
{"cod_dptop":"52","cod_mnpo":"258","nombre_mnpo":"EL TABLON DE GOMEZ"},
{"cod_dptop":"52","cod_mnpo":"260","nombre_mnpo":"EL TAMBO"},
{"cod_dptop":"52","cod_mnpo":"287","nombre_mnpo":"FUNES"},
{"cod_dptop":"52","cod_mnpo":"317","nombre_mnpo":"GUACHUCAL"},
{"cod_dptop":"52","cod_mnpo":"320","nombre_mnpo":"GUAITARILLA"},
{"cod_dptop":"52","cod_mnpo":"323","nombre_mnpo":"GUALMATAN"},
{"cod_dptop":"52","cod_mnpo":"352","nombre_mnpo":"ILES"},
{"cod_dptop":"52","cod_mnpo":"354","nombre_mnpo":"IMUES"},
{"cod_dptop":"52","cod_mnpo":"356","nombre_mnpo":"IPIALES"},
{"cod_dptop":"52","cod_mnpo":"378","nombre_mnpo":"LA CRUZ"},
{"cod_dptop":"52","cod_mnpo":"381","nombre_mnpo":"LA FLORIDA"},
{"cod_dptop":"52","cod_mnpo":"385","nombre_mnpo":"LA LLANADA"},
{"cod_dptop":"52","cod_mnpo":"390","nombre_mnpo":"LA TOLA"},
{"cod_dptop":"52","cod_mnpo":"399","nombre_mnpo":"LA UNION"},
{"cod_dptop":"52","cod_mnpo":"405","nombre_mnpo":"LEIVA"},
{"cod_dptop":"52","cod_mnpo":"411","nombre_mnpo":"LINARES"},
{"cod_dptop":"52","cod_mnpo":"418","nombre_mnpo":"LOS ANDES"},
{"cod_dptop":"52","cod_mnpo":"427","nombre_mnpo":"MAGsI"},
{"cod_dptop":"52","cod_mnpo":"435","nombre_mnpo":"MALLAMA"},
{"cod_dptop":"52","cod_mnpo":"473","nombre_mnpo":"MOSQUERA"},
{"cod_dptop":"52","cod_mnpo":"480","nombre_mnpo":"NARIÑO"},
{"cod_dptop":"52","cod_mnpo":"490","nombre_mnpo":"OLAYA HERRERA"},
{"cod_dptop":"52","cod_mnpo":"506","nombre_mnpo":"OSPINA"},
{"cod_dptop":"52","cod_mnpo":"520","nombre_mnpo":"FRANCISCO PIZARRO"},
{"cod_dptop":"52","cod_mnpo":"540","nombre_mnpo":"POLICARPA"},
{"cod_dptop":"52","cod_mnpo":"560","nombre_mnpo":"POTOSI"},
{"cod_dptop":"52","cod_mnpo":"565","nombre_mnpo":"PROVIDENCIA"},
{"cod_dptop":"52","cod_mnpo":"573","nombre_mnpo":"PUERRES"},
{"cod_dptop":"52","cod_mnpo":"585","nombre_mnpo":"PUPIALES"},
{"cod_dptop":"52","cod_mnpo":"612","nombre_mnpo":"RICAURTE"},
{"cod_dptop":"52","cod_mnpo":"621","nombre_mnpo":"ROBERTO PAYAN"},
{"cod_dptop":"52","cod_mnpo":"678","nombre_mnpo":"SAMANIEGO"},
{"cod_dptop":"52","cod_mnpo":"683","nombre_mnpo":"SANDONA"},
{"cod_dptop":"52","cod_mnpo":"685","nombre_mnpo":"SAN BERNARDO"},
{"cod_dptop":"52","cod_mnpo":"687","nombre_mnpo":"SAN LORENZO"},
{"cod_dptop":"52","cod_mnpo":"693","nombre_mnpo":"SAN PABLO"},
{"cod_dptop":"52","cod_mnpo":"694","nombre_mnpo":"SAN PEDRO DE CARTAGO"},
{"cod_dptop":"52","cod_mnpo":"696","nombre_mnpo":"SANTA BARBARA"},
{"cod_dptop":"52","cod_mnpo":"699","nombre_mnpo":"SANTACRUZ"},
{"cod_dptop":"52","cod_mnpo":"720","nombre_mnpo":"SAPUYES"},
{"cod_dptop":"52","cod_mnpo":"786","nombre_mnpo":"TAMINANGO"},
{"cod_dptop":"52","cod_mnpo":"788","nombre_mnpo":"TANGUA"},
{"cod_dptop":"52","cod_mnpo":"835","nombre_mnpo":"SAN ANDRES DE TUMACO"},
{"cod_dptop":"52","cod_mnpo":"838","nombre_mnpo":"TUQUERRES"},
{"cod_dptop":"52","cod_mnpo":"885","nombre_mnpo":"YACUANQUER"},
{"cod_dptop":"54","cod_mnpo":"1","nombre_mnpo":"CUCUTA"},
{"cod_dptop":"54","cod_mnpo":"3","nombre_mnpo":"ABREGO"},
{"cod_dptop":"54","cod_mnpo":"51","nombre_mnpo":"ARBOLEDAS"},
{"cod_dptop":"54","cod_mnpo":"99","nombre_mnpo":"BOCHALEMA"},
{"cod_dptop":"54","cod_mnpo":"109","nombre_mnpo":"BUCARASICA"},
{"cod_dptop":"54","cod_mnpo":"125","nombre_mnpo":"CACOTA"},
{"cod_dptop":"54","cod_mnpo":"128","nombre_mnpo":"CACHIRA"},
{"cod_dptop":"54","cod_mnpo":"172","nombre_mnpo":"CHINACOTA"},
{"cod_dptop":"54","cod_mnpo":"174","nombre_mnpo":"CHITAGA"},
{"cod_dptop":"54","cod_mnpo":"206","nombre_mnpo":"CONVENCION"},
{"cod_dptop":"54","cod_mnpo":"223","nombre_mnpo":"CUCUTILLA"},
{"cod_dptop":"54","cod_mnpo":"239","nombre_mnpo":"DURANIA"},
{"cod_dptop":"54","cod_mnpo":"245","nombre_mnpo":"EL CARMEN"},
{"cod_dptop":"54","cod_mnpo":"250","nombre_mnpo":"EL TARRA"},
{"cod_dptop":"54","cod_mnpo":"261","nombre_mnpo":"EL ZULIA"},
{"cod_dptop":"54","cod_mnpo":"313","nombre_mnpo":"GRAMALOTE"},
{"cod_dptop":"54","cod_mnpo":"344","nombre_mnpo":"HACARI"},
{"cod_dptop":"54","cod_mnpo":"347","nombre_mnpo":"HERRAN"},
{"cod_dptop":"54","cod_mnpo":"377","nombre_mnpo":"LABATECA"},
{"cod_dptop":"54","cod_mnpo":"385","nombre_mnpo":"LA ESPERANZA"},
{"cod_dptop":"54","cod_mnpo":"398","nombre_mnpo":"LA PLAYA"},
{"cod_dptop":"54","cod_mnpo":"405","nombre_mnpo":"LOS PATIOS"},
{"cod_dptop":"54","cod_mnpo":"418","nombre_mnpo":"LOURDES"},
{"cod_dptop":"54","cod_mnpo":"480","nombre_mnpo":"MUTISCUA"},
{"cod_dptop":"54","cod_mnpo":"498","nombre_mnpo":"OCAÑA"},
{"cod_dptop":"54","cod_mnpo":"518","nombre_mnpo":"PAMPLONA"},
{"cod_dptop":"54","cod_mnpo":"520","nombre_mnpo":"PAMPLONITA"},
{"cod_dptop":"54","cod_mnpo":"553","nombre_mnpo":"PUERTO SANTANDER"},
{"cod_dptop":"54","cod_mnpo":"599","nombre_mnpo":"RAGONVALIA"},
{"cod_dptop":"54","cod_mnpo":"660","nombre_mnpo":"SALAZAR"},
{"cod_dptop":"54","cod_mnpo":"670","nombre_mnpo":"SAN CALIXTO"},
{"cod_dptop":"54","cod_mnpo":"673","nombre_mnpo":"SAN CAYETANO"},
{"cod_dptop":"54","cod_mnpo":"680","nombre_mnpo":"SANTIAGO"},
{"cod_dptop":"54","cod_mnpo":"720","nombre_mnpo":"SARDINATA"},
{"cod_dptop":"54","cod_mnpo":"743","nombre_mnpo":"SILOS"},
{"cod_dptop":"54","cod_mnpo":"800","nombre_mnpo":"TEORAMA"},
{"cod_dptop":"54","cod_mnpo":"810","nombre_mnpo":"TIBU"},
{"cod_dptop":"54","cod_mnpo":"820","nombre_mnpo":"TOLEDO"},
{"cod_dptop":"54","cod_mnpo":"871","nombre_mnpo":"VILLA CARO"},
{"cod_dptop":"54","cod_mnpo":"874","nombre_mnpo":"VILLA DEL ROSARIO"},
{"cod_dptop":"63","cod_mnpo":"1","nombre_mnpo":"ARMENIA"},
{"cod_dptop":"63","cod_mnpo":"111","nombre_mnpo":"BUENAVISTA"},
{"cod_dptop":"63","cod_mnpo":"130","nombre_mnpo":"CALARCA"},
{"cod_dptop":"63","cod_mnpo":"190","nombre_mnpo":"CIRCASIA"},
{"cod_dptop":"63","cod_mnpo":"212","nombre_mnpo":"CORDOBA"},
{"cod_dptop":"63","cod_mnpo":"272","nombre_mnpo":"FILANDIA"},
{"cod_dptop":"63","cod_mnpo":"302","nombre_mnpo":"GENOVA"},
{"cod_dptop":"63","cod_mnpo":"401","nombre_mnpo":"LA TEBAIDA"},
{"cod_dptop":"63","cod_mnpo":"470","nombre_mnpo":"MONTENEGRO"},
{"cod_dptop":"63","cod_mnpo":"548","nombre_mnpo":"PIJAO"},
{"cod_dptop":"63","cod_mnpo":"594","nombre_mnpo":"QUIMBAYA"},
{"cod_dptop":"63","cod_mnpo":"690","nombre_mnpo":"SALENTO"},
{"cod_dptop":"66","cod_mnpo":"1","nombre_mnpo":"PEREIRA"},
{"cod_dptop":"66","cod_mnpo":"45","nombre_mnpo":"APIA"},
{"cod_dptop":"66","cod_mnpo":"75","nombre_mnpo":"BALBOA"},
{"cod_dptop":"66","cod_mnpo":"88","nombre_mnpo":"BELEN DE UMBRIA"},
{"cod_dptop":"66","cod_mnpo":"170","nombre_mnpo":"DOSQUEBRADAS"},
{"cod_dptop":"66","cod_mnpo":"318","nombre_mnpo":"GUATICA"},
{"cod_dptop":"66","cod_mnpo":"383","nombre_mnpo":"LA CELIA"},
{"cod_dptop":"66","cod_mnpo":"400","nombre_mnpo":"LA VIRGINIA"},
{"cod_dptop":"66","cod_mnpo":"440","nombre_mnpo":"MARSELLA"},
{"cod_dptop":"66","cod_mnpo":"456","nombre_mnpo":"MISTRATO"},
{"cod_dptop":"66","cod_mnpo":"572","nombre_mnpo":"PUEBLO RICO"},
{"cod_dptop":"66","cod_mnpo":"594","nombre_mnpo":"QUINCHIA"},
{"cod_dptop":"66","cod_mnpo":"682","nombre_mnpo":"SANTA ROSA DE CABAL"},
{"cod_dptop":"66","cod_mnpo":"687","nombre_mnpo":"SANTUARIO"},
{"cod_dptop":"68","cod_mnpo":"1","nombre_mnpo":"BUCARAMANGA"},
{"cod_dptop":"68","cod_mnpo":"13","nombre_mnpo":"AGUADA"},
{"cod_dptop":"68","cod_mnpo":"20","nombre_mnpo":"ALBANIA"},
{"cod_dptop":"68","cod_mnpo":"51","nombre_mnpo":"ARATOCA"},
{"cod_dptop":"68","cod_mnpo":"77","nombre_mnpo":"BARBOSA"},
{"cod_dptop":"68","cod_mnpo":"79","nombre_mnpo":"BARICHARA"},
{"cod_dptop":"68","cod_mnpo":"81","nombre_mnpo":"BARRANCABERMEJA"},
{"cod_dptop":"68","cod_mnpo":"92","nombre_mnpo":"BETULIA"},
{"cod_dptop":"68","cod_mnpo":"101","nombre_mnpo":"BOLIVAR"},
{"cod_dptop":"68","cod_mnpo":"121","nombre_mnpo":"CABRERA"},
{"cod_dptop":"68","cod_mnpo":"132","nombre_mnpo":"CALIFORNIA"},
{"cod_dptop":"68","cod_mnpo":"147","nombre_mnpo":"CAPITANEJO"},
{"cod_dptop":"68","cod_mnpo":"152","nombre_mnpo":"CARCASI"},
{"cod_dptop":"68","cod_mnpo":"160","nombre_mnpo":"CEPITA"},
{"cod_dptop":"68","cod_mnpo":"162","nombre_mnpo":"CERRITO"},
{"cod_dptop":"68","cod_mnpo":"167","nombre_mnpo":"CHARALA"},
{"cod_dptop":"68","cod_mnpo":"169","nombre_mnpo":"CHARTA"},
{"cod_dptop":"68","cod_mnpo":"176","nombre_mnpo":"CHIMA"},
{"cod_dptop":"68","cod_mnpo":"179","nombre_mnpo":"CHIPATA"},
{"cod_dptop":"68","cod_mnpo":"190","nombre_mnpo":"CIMITARRA"},
{"cod_dptop":"68","cod_mnpo":"207","nombre_mnpo":"CONCEPCION"},
{"cod_dptop":"68","cod_mnpo":"209","nombre_mnpo":"CONFINES"},
{"cod_dptop":"68","cod_mnpo":"211","nombre_mnpo":"CONTRATACION"},
{"cod_dptop":"68","cod_mnpo":"217","nombre_mnpo":"COROMORO"},
{"cod_dptop":"68","cod_mnpo":"229","nombre_mnpo":"CURITI"},
{"cod_dptop":"68","cod_mnpo":"235","nombre_mnpo":"EL CARMEN DE CHUCURI"},
{"cod_dptop":"68","cod_mnpo":"245","nombre_mnpo":"EL GUACAMAYO"},
{"cod_dptop":"68","cod_mnpo":"250","nombre_mnpo":"EL PEÑON"},
{"cod_dptop":"68","cod_mnpo":"255","nombre_mnpo":"EL PLAYON"},
{"cod_dptop":"68","cod_mnpo":"264","nombre_mnpo":"ENCINO"},
{"cod_dptop":"68","cod_mnpo":"266","nombre_mnpo":"ENCISO"},
{"cod_dptop":"68","cod_mnpo":"271","nombre_mnpo":"FLORIAN"},
{"cod_dptop":"68","cod_mnpo":"276","nombre_mnpo":"FLORIDABLANCA"},
{"cod_dptop":"68","cod_mnpo":"296","nombre_mnpo":"GALAN"},
{"cod_dptop":"68","cod_mnpo":"298","nombre_mnpo":"GAMBITA"},
{"cod_dptop":"68","cod_mnpo":"307","nombre_mnpo":"GIRON"},
{"cod_dptop":"68","cod_mnpo":"318","nombre_mnpo":"GUACA"},
{"cod_dptop":"68","cod_mnpo":"320","nombre_mnpo":"GUADALUPE"},
{"cod_dptop":"68","cod_mnpo":"322","nombre_mnpo":"GUAPOTA"},
{"cod_dptop":"68","cod_mnpo":"324","nombre_mnpo":"GUAVATA"},
{"cod_dptop":"68","cod_mnpo":"327","nombre_mnpo":"GsEPSA"},
{"cod_dptop":"68","cod_mnpo":"344","nombre_mnpo":"HATO"},
{"cod_dptop":"68","cod_mnpo":"368","nombre_mnpo":"JESUS MARIA"},
{"cod_dptop":"68","cod_mnpo":"370","nombre_mnpo":"JORDAN"},
{"cod_dptop":"68","cod_mnpo":"377","nombre_mnpo":"LA BELLEZA"},
{"cod_dptop":"68","cod_mnpo":"385","nombre_mnpo":"LANDAZURI"},
{"cod_dptop":"68","cod_mnpo":"397","nombre_mnpo":"LA PAZ"},
{"cod_dptop":"68","cod_mnpo":"406","nombre_mnpo":"LEBRIJA"},
{"cod_dptop":"68","cod_mnpo":"418","nombre_mnpo":"LOS SANTOS"},
{"cod_dptop":"68","cod_mnpo":"425","nombre_mnpo":"MACARAVITA"},
{"cod_dptop":"68","cod_mnpo":"432","nombre_mnpo":"MALAGA"},
{"cod_dptop":"68","cod_mnpo":"444","nombre_mnpo":"MATANZA"},
{"cod_dptop":"68","cod_mnpo":"464","nombre_mnpo":"MOGOTES"},
{"cod_dptop":"68","cod_mnpo":"468","nombre_mnpo":"MOLAGAVITA"},
{"cod_dptop":"68","cod_mnpo":"498","nombre_mnpo":"OCAMONTE"},
{"cod_dptop":"68","cod_mnpo":"500","nombre_mnpo":"OIBA"},
{"cod_dptop":"68","cod_mnpo":"502","nombre_mnpo":"ONZAGA"},
{"cod_dptop":"68","cod_mnpo":"522","nombre_mnpo":"PALMAR"},
{"cod_dptop":"68","cod_mnpo":"524","nombre_mnpo":"PALMAS DEL SOCORRO"},
{"cod_dptop":"68","cod_mnpo":"533","nombre_mnpo":"PARAMO"},
{"cod_dptop":"68","cod_mnpo":"547","nombre_mnpo":"PIEDECUESTA"},
{"cod_dptop":"68","cod_mnpo":"549","nombre_mnpo":"PINCHOTE"},
{"cod_dptop":"68","cod_mnpo":"572","nombre_mnpo":"PUENTE NACIONAL"},
{"cod_dptop":"68","cod_mnpo":"573","nombre_mnpo":"PUERTO PARRA"},
{"cod_dptop":"68","cod_mnpo":"575","nombre_mnpo":"PUERTO WILCHES"},
{"cod_dptop":"68","cod_mnpo":"615","nombre_mnpo":"RIONEGRO"},
{"cod_dptop":"68","cod_mnpo":"655","nombre_mnpo":"SABANA DE TORRES"},
{"cod_dptop":"68","cod_mnpo":"669","nombre_mnpo":"SAN ANDRES"},
{"cod_dptop":"68","cod_mnpo":"673","nombre_mnpo":"SAN BENITO"},
{"cod_dptop":"68","cod_mnpo":"679","nombre_mnpo":"SAN GIL"},
{"cod_dptop":"68","cod_mnpo":"682","nombre_mnpo":"SAN JOAQUIN"},
{"cod_dptop":"68","cod_mnpo":"684","nombre_mnpo":"SAN JOSE DE MIRANDA"},
{"cod_dptop":"68","cod_mnpo":"686","nombre_mnpo":"SAN MIGUEL"},
{"cod_dptop":"68","cod_mnpo":"689","nombre_mnpo":"SAN VICENTE DE CHUCURI"},
{"cod_dptop":"68","cod_mnpo":"705","nombre_mnpo":"SANTA BARBARA"},
{"cod_dptop":"68","cod_mnpo":"720","nombre_mnpo":"SANTA HELENA DEL OPON"},
{"cod_dptop":"68","cod_mnpo":"745","nombre_mnpo":"SIMACOTA"},
{"cod_dptop":"68","cod_mnpo":"755","nombre_mnpo":"SOCORRO"},
{"cod_dptop":"68","cod_mnpo":"770","nombre_mnpo":"SUAITA"},
{"cod_dptop":"68","cod_mnpo":"773","nombre_mnpo":"SUCRE"},
{"cod_dptop":"68","cod_mnpo":"780","nombre_mnpo":"SURATA"},
{"cod_dptop":"68","cod_mnpo":"820","nombre_mnpo":"TONA"},
{"cod_dptop":"68","cod_mnpo":"855","nombre_mnpo":"VALLE DE SAN JOSE"},
{"cod_dptop":"68","cod_mnpo":"861","nombre_mnpo":"VELEZ"},
{"cod_dptop":"68","cod_mnpo":"867","nombre_mnpo":"VETAS"},
{"cod_dptop":"68","cod_mnpo":"872","nombre_mnpo":"VILLANUEVA"},
{"cod_dptop":"68","cod_mnpo":"895","nombre_mnpo":"ZAPATOCA"},
{"cod_dptop":"70","cod_mnpo":"1","nombre_mnpo":"SINCELEJO"},
{"cod_dptop":"70","cod_mnpo":"110","nombre_mnpo":"BUENAVISTA"},
{"cod_dptop":"70","cod_mnpo":"124","nombre_mnpo":"CAIMITO"},
{"cod_dptop":"70","cod_mnpo":"204","nombre_mnpo":"COLOSO"},
{"cod_dptop":"70","cod_mnpo":"215","nombre_mnpo":"COROZAL"},
{"cod_dptop":"70","cod_mnpo":"221","nombre_mnpo":"COVEÑAS"},
{"cod_dptop":"70","cod_mnpo":"230","nombre_mnpo":"CHALAN"},
{"cod_dptop":"70","cod_mnpo":"233","nombre_mnpo":"EL ROBLE"},
{"cod_dptop":"70","cod_mnpo":"235","nombre_mnpo":"GALERAS"},
{"cod_dptop":"70","cod_mnpo":"265","nombre_mnpo":"GUARANDA"},
{"cod_dptop":"70","cod_mnpo":"400","nombre_mnpo":"LA UNION"},
{"cod_dptop":"70","cod_mnpo":"418","nombre_mnpo":"LOS PALMITOS"},
{"cod_dptop":"70","cod_mnpo":"429","nombre_mnpo":"MAJAGUAL"},
{"cod_dptop":"70","cod_mnpo":"473","nombre_mnpo":"MORROA"},
{"cod_dptop":"70","cod_mnpo":"508","nombre_mnpo":"OVEJAS"},
{"cod_dptop":"70","cod_mnpo":"523","nombre_mnpo":"PALMITO"},
{"cod_dptop":"70","cod_mnpo":"670","nombre_mnpo":"SAMPUES"},
{"cod_dptop":"70","cod_mnpo":"678","nombre_mnpo":"SAN BENITO ABAD"},
{"cod_dptop":"70","cod_mnpo":"702","nombre_mnpo":"SAN JUAN DE BETULIA"},
{"cod_dptop":"70","cod_mnpo":"708","nombre_mnpo":"SAN MARCOS"},
{"cod_dptop":"70","cod_mnpo":"713","nombre_mnpo":"SAN ONOFRE"},
{"cod_dptop":"70","cod_mnpo":"717","nombre_mnpo":"SAN PEDRO"},
{"cod_dptop":"70","cod_mnpo":"742","nombre_mnpo":"SAN LUIS DE SINCE"},
{"cod_dptop":"70","cod_mnpo":"771","nombre_mnpo":"SUCRE"},
{"cod_dptop":"70","cod_mnpo":"820","nombre_mnpo":"SANTIAGO DE TOLU"},
{"cod_dptop":"70","cod_mnpo":"823","nombre_mnpo":"TOLU VIEJO"},
{"cod_dptop":"73","cod_mnpo":"1","nombre_mnpo":"IBAGUE"},
{"cod_dptop":"73","cod_mnpo":"24","nombre_mnpo":"ALPUJARRA"},
{"cod_dptop":"73","cod_mnpo":"26","nombre_mnpo":"ALVARADO"},
{"cod_dptop":"73","cod_mnpo":"30","nombre_mnpo":"AMBALEMA"},
{"cod_dptop":"73","cod_mnpo":"43","nombre_mnpo":"ANZOATEGUI"},
{"cod_dptop":"73","cod_mnpo":"55","nombre_mnpo":"ARMERO"},
{"cod_dptop":"73","cod_mnpo":"67","nombre_mnpo":"ATACO"},
{"cod_dptop":"73","cod_mnpo":"124","nombre_mnpo":"CAJAMARCA"},
{"cod_dptop":"73","cod_mnpo":"148","nombre_mnpo":"CARMEN DE APICALA"},
{"cod_dptop":"73","cod_mnpo":"152","nombre_mnpo":"CASABIANCA"},
{"cod_dptop":"73","cod_mnpo":"168","nombre_mnpo":"CHAPARRAL"},
{"cod_dptop":"73","cod_mnpo":"200","nombre_mnpo":"COELLO"},
{"cod_dptop":"73","cod_mnpo":"217","nombre_mnpo":"COYAIMA"},
{"cod_dptop":"73","cod_mnpo":"226","nombre_mnpo":"CUNDAY"},
{"cod_dptop":"73","cod_mnpo":"236","nombre_mnpo":"DOLORES"},
{"cod_dptop":"73","cod_mnpo":"268","nombre_mnpo":"ESPINAL"},
{"cod_dptop":"73","cod_mnpo":"270","nombre_mnpo":"FALAN"},
{"cod_dptop":"73","cod_mnpo":"275","nombre_mnpo":"FLANDES"},
{"cod_dptop":"73","cod_mnpo":"283","nombre_mnpo":"FRESNO"},
{"cod_dptop":"73","cod_mnpo":"319","nombre_mnpo":"GUAMO"},
{"cod_dptop":"73","cod_mnpo":"347","nombre_mnpo":"HERVEO"},
{"cod_dptop":"73","cod_mnpo":"349","nombre_mnpo":"HONDA"},
{"cod_dptop":"73","cod_mnpo":"352","nombre_mnpo":"ICONONZO"},
{"cod_dptop":"73","cod_mnpo":"408","nombre_mnpo":"LERIDA"},
{"cod_dptop":"73","cod_mnpo":"411","nombre_mnpo":"LIBANO"},
{"cod_dptop":"73","cod_mnpo":"443","nombre_mnpo":"MARIQUITA"},
{"cod_dptop":"73","cod_mnpo":"449","nombre_mnpo":"MELGAR"},
{"cod_dptop":"73","cod_mnpo":"461","nombre_mnpo":"MURILLO"},
{"cod_dptop":"73","cod_mnpo":"483","nombre_mnpo":"NATAGAIMA"},
{"cod_dptop":"73","cod_mnpo":"504","nombre_mnpo":"ORTEGA"},
{"cod_dptop":"73","cod_mnpo":"520","nombre_mnpo":"PALOCABILDO"},
{"cod_dptop":"73","cod_mnpo":"547","nombre_mnpo":"PIEDRAS"},
{"cod_dptop":"73","cod_mnpo":"555","nombre_mnpo":"PLANADAS"},
{"cod_dptop":"73","cod_mnpo":"563","nombre_mnpo":"PRADO"},
{"cod_dptop":"73","cod_mnpo":"585","nombre_mnpo":"PURIFICACION"},
{"cod_dptop":"73","cod_mnpo":"616","nombre_mnpo":"RIOBLANCO"},
{"cod_dptop":"73","cod_mnpo":"622","nombre_mnpo":"RONCESVALLES"},
{"cod_dptop":"73","cod_mnpo":"624","nombre_mnpo":"ROVIRA"},
{"cod_dptop":"73","cod_mnpo":"671","nombre_mnpo":"SALDAÑA"},
{"cod_dptop":"73","cod_mnpo":"675","nombre_mnpo":"SAN ANTONIO"},
{"cod_dptop":"73","cod_mnpo":"678","nombre_mnpo":"SAN LUIS"},
{"cod_dptop":"73","cod_mnpo":"686","nombre_mnpo":"SANTA ISABEL"},
{"cod_dptop":"73","cod_mnpo":"770","nombre_mnpo":"SUAREZ"},
{"cod_dptop":"73","cod_mnpo":"854","nombre_mnpo":"VALLE DE SAN JUAN"},
{"cod_dptop":"73","cod_mnpo":"861","nombre_mnpo":"VENADILLO"},
{"cod_dptop":"73","cod_mnpo":"870","nombre_mnpo":"VILLAHERMOSA"},
{"cod_dptop":"73","cod_mnpo":"873","nombre_mnpo":"VILLARRICA"},
{"cod_dptop":"76","cod_mnpo":"1","nombre_mnpo":"CALI"},
{"cod_dptop":"76","cod_mnpo":"20","nombre_mnpo":"ALCALA"},
{"cod_dptop":"76","cod_mnpo":"36","nombre_mnpo":"ANDALUCIA"},
{"cod_dptop":"76","cod_mnpo":"41","nombre_mnpo":"ANSERMANUEVO"},
{"cod_dptop":"76","cod_mnpo":"54","nombre_mnpo":"ARGELIA"},
{"cod_dptop":"76","cod_mnpo":"100","nombre_mnpo":"BOLIVAR"},
{"cod_dptop":"76","cod_mnpo":"109","nombre_mnpo":"BUENAVENTURA"},
{"cod_dptop":"76","cod_mnpo":"111","nombre_mnpo":"GUADALAJARA DE BUGA"},
{"cod_dptop":"76","cod_mnpo":"113","nombre_mnpo":"BUGALAGRANDE"},
{"cod_dptop":"76","cod_mnpo":"122","nombre_mnpo":"CAICEDONIA"},
{"cod_dptop":"76","cod_mnpo":"126","nombre_mnpo":"CALIMA"},
{"cod_dptop":"76","cod_mnpo":"130","nombre_mnpo":"CANDELARIA"},
{"cod_dptop":"76","cod_mnpo":"147","nombre_mnpo":"CARTAGO"},
{"cod_dptop":"76","cod_mnpo":"233","nombre_mnpo":"DAGUA"},
{"cod_dptop":"76","cod_mnpo":"243","nombre_mnpo":"EL AGUILA"},
{"cod_dptop":"76","cod_mnpo":"246","nombre_mnpo":"EL CAIRO"},
{"cod_dptop":"76","cod_mnpo":"248","nombre_mnpo":"EL CERRITO"},
{"cod_dptop":"76","cod_mnpo":"250","nombre_mnpo":"EL DOVIO"},
{"cod_dptop":"76","cod_mnpo":"275","nombre_mnpo":"FLORIDA"},
{"cod_dptop":"76","cod_mnpo":"306","nombre_mnpo":"GINEBRA"},
{"cod_dptop":"76","cod_mnpo":"318","nombre_mnpo":"GUACARI"},
{"cod_dptop":"76","cod_mnpo":"364","nombre_mnpo":"JAMUNDI"},
{"cod_dptop":"76","cod_mnpo":"377","nombre_mnpo":"LA CUMBRE"},
{"cod_dptop":"76","cod_mnpo":"400","nombre_mnpo":"LA UNION"},
{"cod_dptop":"76","cod_mnpo":"403","nombre_mnpo":"LA VICTORIA"},
{"cod_dptop":"76","cod_mnpo":"497","nombre_mnpo":"OBANDO"},
{"cod_dptop":"76","cod_mnpo":"520","nombre_mnpo":"PALMIRA"},
{"cod_dptop":"76","cod_mnpo":"563","nombre_mnpo":"PRADERA"},
{"cod_dptop":"76","cod_mnpo":"606","nombre_mnpo":"RESTREPO"},
{"cod_dptop":"76","cod_mnpo":"616","nombre_mnpo":"RIOFRIO"},
{"cod_dptop":"76","cod_mnpo":"622","nombre_mnpo":"ROLDANILLO"},
{"cod_dptop":"76","cod_mnpo":"670","nombre_mnpo":"SAN PEDRO"},
{"cod_dptop":"76","cod_mnpo":"736","nombre_mnpo":"SEVILLA"},
{"cod_dptop":"76","cod_mnpo":"823","nombre_mnpo":"TORO"},
{"cod_dptop":"76","cod_mnpo":"828","nombre_mnpo":"TRUJILLO"},
{"cod_dptop":"76","cod_mnpo":"834","nombre_mnpo":"TULUA"},
{"cod_dptop":"76","cod_mnpo":"845","nombre_mnpo":"ULLOA"},
{"cod_dptop":"76","cod_mnpo":"863","nombre_mnpo":"VERSALLES"},
{"cod_dptop":"76","cod_mnpo":"869","nombre_mnpo":"VIJES"},
{"cod_dptop":"76","cod_mnpo":"890","nombre_mnpo":"YOTOCO"},
{"cod_dptop":"76","cod_mnpo":"892","nombre_mnpo":"YUMBO"},
{"cod_dptop":"76","cod_mnpo":"895","nombre_mnpo":"ZARZAL"},
{"cod_dptop":"81","cod_mnpo":"1","nombre_mnpo":"ARAUCA"},
{"cod_dptop":"81","cod_mnpo":"65","nombre_mnpo":"ARAUQUITA"},
{"cod_dptop":"81","cod_mnpo":"220","nombre_mnpo":"CRAVO NORTE"},
{"cod_dptop":"81","cod_mnpo":"300","nombre_mnpo":"FORTUL"},
{"cod_dptop":"81","cod_mnpo":"591","nombre_mnpo":"PUERTO RONDON"},
{"cod_dptop":"81","cod_mnpo":"736","nombre_mnpo":"SARAVENA"},
{"cod_dptop":"81","cod_mnpo":"794","nombre_mnpo":"TAME"},
{"cod_dptop":"85","cod_mnpo":"1","nombre_mnpo":"YOPAL"},
{"cod_dptop":"85","cod_mnpo":"10","nombre_mnpo":"AGUAZUL"},
{"cod_dptop":"85","cod_mnpo":"15","nombre_mnpo":"CHAMEZA"},
{"cod_dptop":"85","cod_mnpo":"125","nombre_mnpo":"HATO COROZAL"},
{"cod_dptop":"85","cod_mnpo":"136","nombre_mnpo":"LA SALINA"},
{"cod_dptop":"85","cod_mnpo":"139","nombre_mnpo":"MANI"},
{"cod_dptop":"85","cod_mnpo":"162","nombre_mnpo":"MONTERREY"},
{"cod_dptop":"85","cod_mnpo":"225","nombre_mnpo":"NUNCHIA"},
{"cod_dptop":"85","cod_mnpo":"230","nombre_mnpo":"OROCUE"},
{"cod_dptop":"85","cod_mnpo":"250","nombre_mnpo":"PAZ DE ARIPORO"},
{"cod_dptop":"85","cod_mnpo":"263","nombre_mnpo":"PORE"},
{"cod_dptop":"85","cod_mnpo":"279","nombre_mnpo":"RECETOR"},
{"cod_dptop":"85","cod_mnpo":"300","nombre_mnpo":"SABANALARGA"},
{"cod_dptop":"85","cod_mnpo":"315","nombre_mnpo":"SACAMA"},
{"cod_dptop":"85","cod_mnpo":"325","nombre_mnpo":"SAN LUIS DE PALENQUE"},
{"cod_dptop":"85","cod_mnpo":"400","nombre_mnpo":"TAMARA"},
{"cod_dptop":"85","cod_mnpo":"410","nombre_mnpo":"TAURAMENA"},
{"cod_dptop":"85","cod_mnpo":"430","nombre_mnpo":"TRINIDAD"},
{"cod_dptop":"85","cod_mnpo":"440","nombre_mnpo":"VILLANUEVA"},
{"cod_dptop":"86","cod_mnpo":"1","nombre_mnpo":"MOCOA"},
{"cod_dptop":"86","cod_mnpo":"219","nombre_mnpo":"COLON"},
{"cod_dptop":"86","cod_mnpo":"320","nombre_mnpo":"ORITO"},
{"cod_dptop":"86","cod_mnpo":"568","nombre_mnpo":"PUERTO ASIS"},
{"cod_dptop":"86","cod_mnpo":"569","nombre_mnpo":"PUERTO CAICEDO"},
{"cod_dptop":"86","cod_mnpo":"571","nombre_mnpo":"PUERTO GUZMAN"},
{"cod_dptop":"86","cod_mnpo":"573","nombre_mnpo":"LEGUIZAMO"},
{"cod_dptop":"86","cod_mnpo":"749","nombre_mnpo":"SIBUNDOY"},
{"cod_dptop":"86","cod_mnpo":"755","nombre_mnpo":"SAN FRANCISCO"},
{"cod_dptop":"86","cod_mnpo":"757","nombre_mnpo":"SAN MIGUEL"},
{"cod_dptop":"86","cod_mnpo":"760","nombre_mnpo":"SANTIAGO"},
{"cod_dptop":"86","cod_mnpo":"865","nombre_mnpo":"VALLE DEL GUAMUEZ"},
{"cod_dptop":"86","cod_mnpo":"885","nombre_mnpo":"VILLAGARZON"},
{"cod_dptop":"88","cod_mnpo":"1","nombre_mnpo":"SAN ANDRES"},
{"cod_dptop":"88","cod_mnpo":"564","nombre_mnpo":"PROVIDENCIA"},
{"cod_dptop":"91","cod_mnpo":"1","nombre_mnpo":"LETICIA"},
{"cod_dptop":"91","cod_mnpo":"263","nombre_mnpo":"EL ENCANTO"},
{"cod_dptop":"91","cod_mnpo":"405","nombre_mnpo":"LA CHORRERA"},
{"cod_dptop":"91","cod_mnpo":"407","nombre_mnpo":"LA PEDRERA"},
{"cod_dptop":"91","cod_mnpo":"430","nombre_mnpo":"LA VICTORIA"},
{"cod_dptop":"91","cod_mnpo":"460","nombre_mnpo":"MIRITI - PARANA"},
{"cod_dptop":"91","cod_mnpo":"530","nombre_mnpo":"PUERTO ALEGRIA"},
{"cod_dptop":"91","cod_mnpo":"536","nombre_mnpo":"PUERTO ARICA"},
{"cod_dptop":"91","cod_mnpo":"540","nombre_mnpo":"PUERTO NARIÑO"},
{"cod_dptop":"91","cod_mnpo":"669","nombre_mnpo":"PUERTO SANTANDER"},
{"cod_dptop":"91","cod_mnpo":"798","nombre_mnpo":"TARAPACA"},
{"cod_dptop":"94","cod_mnpo":"1","nombre_mnpo":"INIRIDA"},
{"cod_dptop":"94","cod_mnpo":"343","nombre_mnpo":"BARRANCO MINAS"},
{"cod_dptop":"94","cod_mnpo":"663","nombre_mnpo":"MAPIRIPANA"},
{"cod_dptop":"94","cod_mnpo":"883","nombre_mnpo":"SAN FELIPE"},
{"cod_dptop":"94","cod_mnpo":"884","nombre_mnpo":"PUERTO COLOMBIA"},
{"cod_dptop":"94","cod_mnpo":"885","nombre_mnpo":"LA GUADALUPE"},
{"cod_dptop":"94","cod_mnpo":"886","nombre_mnpo":"CACAHUAL"},
{"cod_dptop":"94","cod_mnpo":"887","nombre_mnpo":"PANA PANA"},
{"cod_dptop":"94","cod_mnpo":"888","nombre_mnpo":"MORICHAL"},
{"cod_dptop":"95","cod_mnpo":"1","nombre_mnpo":"SAN JOSE DEL GUAVIARE"},
{"cod_dptop":"95","cod_mnpo":"15","nombre_mnpo":"CALAMAR"},
{"cod_dptop":"95","cod_mnpo":"25","nombre_mnpo":"EL RETORNO"},
{"cod_dptop":"95","cod_mnpo":"200","nombre_mnpo":"MIRAFLORES"},
{"cod_dptop":"97","cod_mnpo":"1","nombre_mnpo":"MITU"},
{"cod_dptop":"97","cod_mnpo":"161","nombre_mnpo":"CARURU"},
{"cod_dptop":"97","cod_mnpo":"511","nombre_mnpo":"PACOA"},
{"cod_dptop":"97","cod_mnpo":"666","nombre_mnpo":"TARAIRA"},
{"cod_dptop":"97","cod_mnpo":"777","nombre_mnpo":"PAPUNAUA"},
{"cod_dptop":"97","cod_mnpo":"889","nombre_mnpo":"YAVARATE"},
{"cod_dptop":"99","cod_mnpo":"1","nombre_mnpo":"PUERTO CARREÑO"},
{"cod_dptop":"99","cod_mnpo":"524","nombre_mnpo":"LA PRIMAVERA"},
{"cod_dptop":"99","cod_mnpo":"624","nombre_mnpo":"SANTA ROSALIA"},
{"cod_dptop":"99","cod_mnpo":"773","nombre_mnpo":"CUMARIBO"}
] 